"","Agency","Account","State","...4","Amount","Requestor"
"1","Environmental Protection Agency","STAG—Clean Water State Revolving Fund","AL","City of Guntersville for Sanitary Sewer Improvements",2174898,"Aderholt"
"2","Environmental Protection Agency","STAG—Clean Water State Revolving Fund","CA","San Bernardino County for Bloomington Septic Conversion Project Phase 1",1092000,"Aguilar"
"3","Environmental Protection Agency","STAG—Drinking Water State Revolving Fund","CA","Cucamonga Valley Water District for Baseline Waterline Improvement Project",1092000,"Aguilar"
"4","Environmental Protection Agency","STAG—Drinking Water State Revolving Fund","CA","West Valley Water District for Cybersecurity and Water Reliability Project",1092000,"Aguilar"
"5","Environmental Protection Agency","STAG—Clean Water State Revolving Fund","RI","Town of Middletown for Sewer System Reconfiguration",1092000,"Amo"
"6","Environmental Protection Agency","STAG—Clean Water State Revolving Fund","RI","Town of North Providence for Sewer Lining Project",343413,"Amo"
"7","Environmental Protection Agency","STAG—Drinking Water State Revolving Fund","RI","City of Newport for Reducing Lead in Drinking Water Project",1092000,"Amo"
"8","Environmental Protection Agency","STAG—Drinking Water State Revolving Fund","NV","Reno-Sparks Indian Colony for Wastewater Treatment Facility Design and Engineering",2224000,"Amodei"
"9","Environmental Protection Agency","STAG—Drinking Water State Revolving Fund","NV","City of Fernley for Water Treatment Plant Upgrade",2e+06,"Amodei"
"10","Environmental Protection Agency","STAG—Drinking Water State Revolving Fund","NV","City of West Wendover for Water Transmission System Pipeline Replacement",2e+06,"Amodei"
"11","Environmental Protection Agency","STAG—Clean Water State Revolving Fund","NV","Lyon County for Sewer Rehabilitation Project",1937766,"Amodei"
"12","Environmental Protection Agency","STAG—Drinking Water State Revolving Fund","NV","City of Elko for Water Storage Tank Reconstruction",2e+06,"Amodei"
"13","Environmental Protection Agency","STAG—Drinking Water State Revolving Fund","NV","Gardnerville Ranchos General Improvement District for Pipeline Replacement Project",2e+06,"Amodei"
"14","Environmental Protection Agency","STAG—Clean Water State Revolving Fund","AZ","City of Tolleson for Wastewater Digester Project",1092000,"Ansari"
"15","Environmental Protection Agency","STAG—Clean Water State Revolving Fund","MA","Town of Dighton for Pump Station Project",350000,"Auchincloss"
"16","Environmental Protection Agency","STAG—Clean Water State Revolving Fund","MA","Town of Needham for Stormwater Management Project",1092000,"Auchincloss"
"17","Environmental Protection Agency","STAG—Clean Water State Revolving Fund","MA","Town of Swansea for Route 6 Corridor Sewer Collection Project",1092000,"Auchincloss"
"18","Environmental Protection Agency","STAG—Drinking Water State Revolving Fund","MA","City of Fall River for Lead Service Line Replacement Project",1092000,"Auchincloss"
"19","Environmental Protection Agency","STAG—Drinking Water State Revolving Fund","MA","Town of Foxborough for PFAS Treatment Plant",1092000,"Auchincloss"
"20","Environmental Protection Agency","STAG—Drinking Water State Revolving Fund","MA","Town of Freetown for Water Line Extension Project",1e+06,"Auchincloss"
"21","Environmental Protection Agency","STAG—Drinking Water State Revolving Fund","MA","Town of Mendon for Water System Expansion Project",960000,"Auchincloss"
"22","Environmental Protection Agency","STAG—Drinking Water State Revolving Fund","MA","Town of Plainville for Water Treatment Plant Replacement Project",1092000,"Auchincloss"
"23","Environmental Protection Agency","STAG—Drinking Water State Revolving Fund","MA","Town of Sharon for Water Main Replacement Project",906560,"Auchincloss"
"24","Environmental Protection Agency","STAG—Clean Water State Revolving Fund","TX","City of Beaumont for Wastewater Interceptor Rehabilitation",1e+06,"Babin"
"25","Environmental Protection Agency","STAG—Clean Water State Revolving Fund","NE","Sarpy County for Sewer Extension Project",2e+06,"Bacon"
"26","Environmental Protection Agency","STAG—Drinking Water State Revolving Fund","OH","City of Cambridge for Waterline Project",2e+06,"Balderson"
"27","Environmental Protection Agency","STAG—Clean Water State Revolving Fund","OH","Village of Thornville for Regional Wastewater Plant Project",1e+06,"Balderson"
"28","Environmental Protection Agency","STAG—Drinking Water State Revolving Fund","OH","Muskingum County for Waterline Expansion Project",9e+05,"Balderson"
"29","Environmental Protection Agency","STAG—Drinking Water State Revolving Fund","OH","Village of Fredericktown for Water Improvement Project",9e+05,"Balderson"
"30","Environmental Protection Agency","STAG—Clean Water State Revolving Fund","OH","Village of McConnelsville for Sewer Line Project",9e+05,"Balderson"
"31","Environmental Protection Agency","STAG—Drinking Water State Revolving Fund","OH","Village of Millersburg for Waterline Project",4e+05,"Balderson"
"32","Environmental Protection Agency","STAG—Drinking Water State Revolving Fund","OH","Tuscarawas County for Water System Improvements",9e+05,"Balderson"
"33","Environmental Protection Agency","STAG—Drinking Water State Revolving Fund","OH","Village of Stockport for Water Treatment Plant Project",650000,"Balderson"
"34","Environmental Protection Agency","STAG—Drinking Water State Revolving Fund","OH","Village of New Lexington for Waterline Project",650000,"Balderson"
"35","Environmental Protection Agency","STAG—Clean Water State Revolving Fund","OH","Village of Chauncey for Sewer System Replacement Project",6e+05,"Balderson"
"36","Environmental Protection Agency","STAG—Clean Water State Revolving Fund","OH","Village of Junction City for Wastewater Treatment Plant Upgrades",750000,"Balderson"
"37","Environmental Protection Agency","STAG—Clean Water State Revolving Fund","VT","City of Burlington for South End Wastewater Storage Project",1e+06,"Balint"
"38","Environmental Protection Agency","STAG—Clean Water State Revolving Fund","VT","Town of Berlin for Wastewater Treatment Project",1092000,"Balint"
"39","Environmental Protection Agency","STAG—Clean Water State Revolving Fund","VT","Town of Highgate for Wastewater Discharge System Construction",750000,"Balint"
"40","Environmental Protection Agency","STAG—Drinking Water State Revolving Fund","VT","Town of Troy for Waterline Replacement Project",1040000,"Balint"
"41","Environmental Protection Agency","STAG—Drinking Water State Revolving Fund","KY","Nicholas County for Water Improvements Project",1e+06,"Barr"
"42","Environmental Protection Agency","STAG—Clean Water State Revolving Fund","KY","Clark County for Sanitary Sewer Improvements",1e+06,"Barr"
"43","Environmental Protection Agency","STAG—Clean Water State Revolving Fund","KY","Winchester Municipal Utilities for Sanitary Sewer Project",1e+06,"Barr"
"44","Environmental Protection Agency","STAG—Clean Water State Revolving Fund","KY","City of Lancaster for Sanitary Sewer Extension Project",1e+06,"Barr"
"45","Environmental Protection Agency","STAG—Drinking Water State Revolving Fund","KY","Bourbon County for Water Tank Project",750000,"Barr"
"46","Environmental Protection Agency","STAG—Drinking Water State Revolving Fund","WA","City of Republic for Water Tank Replacement Project",934965,"Baumgartner"
"47","Environmental Protection Agency","STAG—Drinking Water State Revolving Fund","WA","City of College Place for Water Storage Project",1e+06,"Baumgartner"
"48","Environmental Protection Agency","STAG—Clean Water State Revolving Fund","WA","City of Palouse for Wastewater Treatment Plant Improvements",1e+06,"Baumgartner"
"49","Environmental Protection Agency","STAG—Clean Water State Revolving Fund","WA","City of Ritzville for Sewer Collection System Improvement Project",750000,"Baumgartner"
"50","Environmental Protection Agency","STAG—Drinking Water State Revolving Fund","WA","Town of Springdale for Storage Capacity Improvements",750000,"Baumgartner"
"51","Environmental Protection Agency","STAG—Drinking Water State Revolving Fund","AK","City of Homer for Water Transmission Main Replacement Project",937868,"Begich"
"52","Environmental Protection Agency","STAG—Clean Water State Revolving Fund","CA","Carmichael Water District for Ranney Collector Well Screens Replacement Project",1092000,"Bera"
"53","Environmental Protection Agency","STAG—Drinking Water State Revolving Fund","CA","Sacramento County for Arden Service Area Water Supply Project",1092000,"Bera"
"54","Environmental Protection Agency","STAG—Drinking Water State Revolving Fund","MI","Charter Township of Grayling for Municipal Water Service Project",1750000,"Bergman"
"55","Environmental Protection Agency","STAG—Drinking Water State Revolving Fund","MI","City of Escanaba for Water Infrastructure Improvement Project",750000,"Bergman"
"56","Environmental Protection Agency","STAG—Drinking Water State Revolving Fund","MI","City of Escanaba for Water Main and Service Line Upgrade Project",750000,"Bergman"
"57","Environmental Protection Agency","STAG—Clean Water State Revolving Fund","MI","Village of Beulah for Wastewater Treatment Improvements",1e+06,"Bergman"
"58","Environmental Protection Agency","STAG—Drinking Water State Revolving Fund","MI","City of Tawas City for Primary Transmission Main Project",1e+06,"Bergman"
"59","Environmental Protection Agency","STAG—Clean Water State Revolving Fund","VA","City of Alexandria for Bellefonte Ave. Storm Drain Improvements",1092000,"Beyer"
"60","Environmental Protection Agency","STAG—Clean Water State Revolving Fund","VA","City of Falls Church for Cavalier Trail Park Sewage Flow Equalization Basin",1092000,"Beyer"
"61","Environmental Protection Agency","STAG—Clean Water State Revolving Fund","OK","City of Wewoka for Wastewater Treatment Facility Upgrade",2250000,"Bice"
"62","Environmental Protection Agency","STAG—Clean Water State Revolving Fund","OK","City of Bethany for Wastewater System Repair Project",1280000,"Bice"
"63","Environmental Protection Agency","STAG—Drinking Water State Revolving Fund","OK","City of Konawa for Water Distribution Line Replacement Project",1500000,"Bice"
"64","Environmental Protection Agency","STAG—Clean Water State Revolving Fund","OK","City of Yukon for Wastewater Facility Repairs and Upgrades",1640000,"Bice"
"65","Environmental Protection Agency","STAG—Clean Water State Revolving Fund","OK","City of Seminole for Wastewater Lift Station Upgrade",1250000,"Bice"
"66","Environmental Protection Agency","STAG—Drinking Water State Revolving Fund","OK","City of Piedmont for Water Distribution Line Replacement Project",1250000,"Bice"
"67","Environmental Protection Agency","STAG—Drinking Water State Revolving Fund","OK","City of Spencer for Water Distribution Line Replacement Project",5e+05,"Bice"
"68","Environmental Protection Agency","STAG—Clean Water State Revolving Fund","FL","City of Brooksville for Wastewater Treatment Improvement Project",1e+06,"Bilirakis"
"69","Environmental Protection Agency","STAG—Drinking Water State Revolving Fund","FL","Pasco County for Chlorine Booster Station Construction Project",750000,"Bilirakis"
"70","Environmental Protection Agency","STAG—Clean Water State Revolving Fund","FL","Citrus County for Lift Station Improvements",750000,"Bilirakis"
"71","Environmental Protection Agency","STAG—Clean Water State Revolving Fund","FL","City of Crystal River for Wastewater Treatment Plant Rehabilitation",750000,"Bilirakis"
"72","Environmental Protection Agency","STAG—Clean Water State Revolving Fund","FL","Hernando County for Centralized Sewer Transition Project",750000,"Bilirakis"
"73","Environmental Protection Agency","STAG—Drinking Water State Revolving Fund","GA","City of Attapulgus for Water Main Replacement",478420,"Bishop (GA)"
"74","Environmental Protection Agency","STAG—Drinking Water State Revolving Fund","GA","City of Blakely for Water System Improvements",960000,"Bishop (GA)"
"75","Environmental Protection Agency","STAG—Drinking Water State Revolving Fund","GA","Lee County Board of Commissioners for Water Supply and Treatment Improvements",1092000,"Bishop (GA)"
"76","Environmental Protection Agency","STAG—Drinking Water State Revolving Fund","CO","Castle Rock Water for Water Supply Project",1750000,"Boebert"
"77","Environmental Protection Agency","STAG—Drinking Water State Revolving Fund","CO","Prairie View Ranch Water District for Water Infrastructure Consolidation Project",1750000,"Boebert"
"78","Environmental Protection Agency","STAG—Drinking Water State Revolving Fund","CO","Town of Severance for Regional Water Treatment Plant and Transmission Line Project",1750000,"Boebert"
"79","Environmental Protection Agency","STAG—Clean Water State Revolving Fund","CO","City of Lamar for Wastewater Treatment Plant Improvements Project",1e+06,"Boebert"
"80","Environmental Protection Agency","STAG—Drinking Water State Revolving Fund","CO","Louviers Water and Sanitation District for Drinking Water Distribution Project",1e+06,"Boebert"
"81","Environmental Protection Agency","STAG—Drinking Water State Revolving Fund","CO","Town of Ovid for Water Treatment Plant Improvement Project",1e+06,"Boebert"
"82","Environmental Protection Agency","STAG—Drinking Water State Revolving Fund","CO","Town of Kiowa for Well Redundancy Project",1e+06,"Boebert"
"83","Environmental Protection Agency","STAG—Drinking Water State Revolving Fund","CO","City of Brush for Water Treatment Facility",1e+06,"Boebert"
"84","Environmental Protection Agency","STAG—Clean Water State Revolving Fund","CO","City of Yuma for Water Infrastructure Improvements",750000,"Boebert"
"85","Environmental Protection Agency","STAG—Drinking Water State Revolving Fund","CO","Town of Walsh for Water System Improvement Project",750000,"Boebert"
"86","Environmental Protection Agency","STAG—Drinking Water State Revolving Fund","OR","City of Hillsboro for Seismically Resilient Water Treatment Plant Project",1092000,"Bonamici"
"87","Environmental Protection Agency","STAG—Drinking Water State Revolving Fund","IL","Village of West Salem for Watermain Replacement Project",1200000,"Bost"
"88","Environmental Protection Agency","STAG—Clean Water State Revolving Fund","IL","Village of Maeystown for Wastewater Treatment Facility Improvements",1636000,"Bost"
"89","Environmental Protection Agency","STAG—Clean Water State Revolving Fund","IL","City of Anna for Sewer Improvement Project",1e+06,"Bost"
"90","Environmental Protection Agency","STAG—Drinking Water State Revolving Fund","IL","Robinson Palestine Water Commission for New Water Treatment Plant",1e+06,"Bost"
"91","Environmental Protection Agency","STAG—Clean Water State Revolving Fund","IL","City of Casey for Sanitary Sewer Relining",1e+06,"Bost"
"92","Environmental Protection Agency","STAG—Clean Water State Revolving Fund","IL","City of Sparta for Raw Water Transmission Line Project",750000,"Bost"
"93","Environmental Protection Agency","STAG—Clean Water State Revolving Fund","PA","Milford Borough for Sewer Extension Project",1250000,"Bresnahan"
"94","Environmental Protection Agency","STAG—Clean Water State Revolving Fund","PA","Monroe County for Wastewater Treatment Project",1250000,"Bresnahan"
"95","Environmental Protection Agency","STAG—Clean Water State Revolving Fund","PA","Dallas Area Municipal Authority for Wastewater Infrastructure Expansion Project",1e+06,"Bresnahan"
"96","Environmental Protection Agency","STAG—Clean Water State Revolving Fund","OH","City of University Heights for Manhole Separation Project",1092000,"Brown"
"97","Environmental Protection Agency","STAG—Clean Water State Revolving Fund","OH","Cleveland Metroparks for Stormwater Project",1092000,"Brown"
"98","Environmental Protection Agency","STAG—Clean Water State Revolving Fund","OH","Northeast Ohio Regional Sewer District for Big Creek West Branch Culvert Repair Project",1092000,"Brown"
"99","Environmental Protection Agency","STAG—Drinking Water State Revolving Fund","CA","Calleguas Municipal Water District for Lake Bard Pump Station Project",1092000,"Brownley"
"100","Environmental Protection Agency","STAG—Drinking Water State Revolving Fund","CA","City of Oxnard for Cast Iron Pipe Replacement Project",1092000,"Brownley"
"101","Environmental Protection Agency","STAG—Drinking Water State Revolving Fund","CA","City of Santa Paula for Cross-Town Pipeline Project",1092000,"Brownley"
"102","Environmental Protection Agency","STAG—Clean Water State Revolving Fund","FL","Hillsborough County for Sewer Expansion",2e+06,"Buchanan"
"103","Environmental Protection Agency","STAG—Clean Water State Revolving Fund","FL","Hillsborough County for Aquifer Recharge Project",750000,"Buchanan"
"104","Environmental Protection Agency","STAG—Drinking Water State Revolving Fund","IL","Village of Glen Carbon for Drinking Water Treatment Plant Installation",1092000,"Budzinski"
"105","Environmental Protection Agency","STAG—Clean Water State Revolving Fund","TN","Knoxville Utilities Board for Wastewater Treatment Plant",750000,"Burchett"
"106","Environmental Protection Agency","STAG—Clean Water State Revolving Fund","OR","Marion County for North Santiam Sewer Project",1092000,"Bynum"
"107","Environmental Protection Agency","STAG—Clean Water State Revolving Fund","OR","Oak Lodge Water Services Authority for Clarifier Replacement Project",1092000,"Bynum"
"108","Environmental Protection Agency","STAG—Drinking Water State Revolving Fund","OR","City of Bend for Drinking Water Protection Project",992250,"Bynum"
"109","Environmental Protection Agency","STAG—Drinking Water State Revolving Fund","OR","City of Halsey for Municipal Water Well and Water Treatment Project",7e+05,"Bynum"
"110","Environmental Protection Agency","STAG—Drinking Water State Revolving Fund","OR","City of Molalla for Water Intake Project",1092000,"Bynum"
"111","Environmental Protection Agency","STAG—Drinking Water State Revolving Fund","OR","City of Oregon City for Water Transmission Main Project Phase 3",1092000,"Bynum"
"112","Environmental Protection Agency","STAG—Clean Water State Revolving Fund","OH","Village of Jeffersonville for Wastewater Infrastructure Improvements",1936000,"Carey"
"113","Environmental Protection Agency","STAG—Clean Water State Revolving Fund","OH","City of Columbus for Wastewater Treatment Improvement Project",750000,"Carey"
"114","Environmental Protection Agency","STAG—Drinking Water State Revolving Fund","IN","City of Indianapolis for Lead Service Line Replacement Program",1092000,"Carson"
"115","Environmental Protection Agency","STAG—Clean Water State Revolving Fund","GA","City of Port Wentworth for Water Infrastructure Improvements",1750000,"Carter (GA)"
"116","Environmental Protection Agency","STAG—Drinking Water State Revolving Fund","GA","City of Rincon for Waterline Extension Project",1e+06,"Carter (GA)"
"117","Environmental Protection Agency","STAG—Clean Water State Revolving Fund","LA","City of Kenner for Wastewater Treatment Plant Stabilization and Improvement Project",1092000,"Carter (LA)"
"118","Environmental Protection Agency","STAG—Clean Water State Revolving Fund","LA","City of Westwego for Wastewater Treatment Plant Modernization Project",1092000,"Carter (LA)"
"119","Environmental Protection Agency","STAG—Clean Water State Revolving Fund","LA","St. Bernard Parish for Culvert Drainage Improvements Project",1092000,"Carter (LA)"
"120","Environmental Protection Agency","STAG—Drinking Water State Revolving Fund","TX","City of Georgetown for Waterline Upgrade Project",3500000,"Carter (TX)"
"121","Environmental Protection Agency","STAG—Clean Water State Revolving Fund","TX","City of Marble Falls for Wastewater Line Replacement Project",2e+06,"Carter (TX)"
"122","Environmental Protection Agency","STAG—Drinking Water State Revolving Fund","TX","City of Gatesville for Storage Tank Replacement Project",775840,"Carter (TX)"
"123","Environmental Protection Agency","STAG—Drinking Water State Revolving Fund","TX","City of Hamilton for Service Line Replacement Project",2e+06,"Carter (TX)"
"124","Environmental Protection Agency","STAG—Clean Water State Revolving Fund","TX","City of San Marcos for Main Replacement Project",1092000,"Casar"
"125","Environmental Protection Agency","STAG—Clean Water State Revolving Fund","HI","Department of Hawaiian Home Lands for Papakolea Sewer Improvement Project",1092000,"Case"
"126","Environmental Protection Agency","STAG—Drinking Water State Revolving Fund","IL","City of Palos Heights for 80th Ave Pump Station Upgrades",1092000,"Casten"
"127","Environmental Protection Agency","STAG—Clean Water State Revolving Fund","FL","Hillsborough County for Ruskin Septic-to-Sewer Project Phase 1",1092000,"Castor"
"128","Environmental Protection Agency","STAG—Clean Water State Revolving Fund","TX","San Antonio River Authority for Woodlawn Lake Storm Quality Improvements",80000,"Castro"
"129","Environmental Protection Agency","STAG—Clean Water State Revolving Fund","FL","City of North Lauderdale for Storm Water Culvert Replacements",750000,"Cherfilus-McCormick"
"130","Environmental Protection Agency","STAG—Clean Water State Revolving Fund","FL","Town of Lake Park for Final Septic To Sewer Conversion Project",1092000,"Cherfilus-McCormick"
"131","Environmental Protection Agency","STAG—Drinking Water State Revolving Fund","FL","City of Riviera Beach for Construction of Water Treatment Facilities",1092000,"Cherfilus-McCormick"
"132","Environmental Protection Agency","STAG—Drinking Water State Revolving Fund","FL","City of Tamarac for Water Treatment Plant Project",1092000,"Cherfilus-McCormick"
"133","Environmental Protection Agency","STAG—Clean Water State Revolving Fund","CA","Los Angeles County Department of Public Works for Public Sewer Enhancement Project",1092000,"Chu"
"134","Environmental Protection Agency","STAG—Clean Water State Revolving Fund","AZ","City of Tombstone for Water Reclamation Facility Upgrades",989786,"Ciscomani"
"135","Environmental Protection Agency","STAG—Drinking Water State Revolving Fund","AZ","Town of Marana for Source Water System Improvements",2250000,"Ciscomani"
"136","Environmental Protection Agency","STAG—Drinking Water State Revolving Fund","AZ","Town of Marana for PFAS Treatment Project",1750000,"Ciscomani"
"137","Environmental Protection Agency","STAG—Drinking Water State Revolving Fund","AZ","Graham County for Water Line Project",1200000,"Ciscomani"
"138","Environmental Protection Agency","STAG—Clean Water State Revolving Fund","CA","San Gabriel River Watershed Management Authority for Stormwater Capture Project",1092000,"Cisneros"
"139","Environmental Protection Agency","STAG—Clean Water State Revolving Fund","MA","City of Melrose for Stormwater Improvement Project",852500,"Clark"
"140","Environmental Protection Agency","STAG—Clean Water State Revolving Fund","MA","Town of Arlington for Mystic River Watershed Infrastructure Project",1092000,"Clark"
"141","Environmental Protection Agency","STAG—Drinking Water State Revolving Fund","MA","City of Woburn for Horn Pond Plant PFAS Removal Project",1092000,"Clark"
"142","Environmental Protection Agency","STAG—Drinking Water State Revolving Fund","MA","Town of Natick for PFAS Removal Project",1036000,"Clark"
"143","Environmental Protection Agency","STAG—Clean Water State Revolving Fund","SC","County of Orangeburg for Wastewater Treatment Plant Expansion",1092000,"Clyburn"
"144","Environmental Protection Agency","STAG—Drinking Water State Revolving Fund","OK","Moore Public Works Authority for Water Transmission Line Construction",5e+06,"Cole"
"145","Environmental Protection Agency","STAG—Clean Water State Revolving Fund","KY","Paducah McCracken County Joint Sewer Agency for Wastewater Treatment Plant Upgrades",1750000,"Comer"
"146","Environmental Protection Agency","STAG—Clean Water State Revolving Fund","KY","City of Madisonville for Lift Station Improvement Project",1e+06,"Comer"
"147","Environmental Protection Agency","STAG—Clean Water State Revolving Fund","KY","City of Eddyville for Wastewater Treatment Plant Construction Project",1e+06,"Comer"
"148","Environmental Protection Agency","STAG—Drinking Water State Revolving Fund","KY","Henderson Water Utility for Raw Water Intake and Pipeline Project",1e+06,"Comer"
"149","Environmental Protection Agency","STAG—Clean Water State Revolving Fund","KY","City of Adairville for Wastewater Treatment Plant Improvement",750000,"Comer"
"150","Environmental Protection Agency","STAG—Clean Water State Revolving Fund","KY","Franklin County Fiscal Court for Wastewater Improvement Project",750000,"Comer"
"151","Environmental Protection Agency","STAG—Drinking Water State Revolving Fund","KY","South Hopkins Water District for Waterline and Building Project",750000,"Comer"
"152","Environmental Protection Agency","STAG—Clean Water State Revolving Fund","NJ","Township of Burlington for Sludge Dewatering Project Phase 2",1092000,"Conaway"
"153","Environmental Protection Agency","STAG—Drinking Water State Revolving Fund","NJ","Borough of Freehold for Water Tower Tanks Refurbishment Project",1092000,"Conaway"
"154","Environmental Protection Agency","STAG—Drinking Water State Revolving Fund","NJ","Township of Freehold for Water Main Replacements",1092000,"Conaway"
"155","Environmental Protection Agency","STAG—Drinking Water State Revolving Fund","NJ","Willingboro Municipal Utilities Authority for PFOS/PFOA Water Treatment Plant Upgrade Project",1092000,"Conaway"
"156","Environmental Protection Agency","STAG—Drinking Water State Revolving Fund","CA","City of Santa Ana for PFAS Treatment",1092000,"Correa"
"157","Environmental Protection Agency","STAG—Clean Water State Revolving Fund","CA","City of Woodlake for Storm Drain Enhancement Project",1092000,"Costa"
"158","Environmental Protection Agency","STAG—Drinking Water State Revolving Fund","CA","City of Dinuba for Water Tower Replacement",1092000,"Costa"
"159","Environmental Protection Agency","STAG—Clean Water State Revolving Fund","CT","Town of Killingly for Water Pollution Control Facility Upgrades",1e+06,"Courtney"
"160","Environmental Protection Agency","STAG—Clean Water State Revolving Fund","MN","City of Newport for Inflow and Infiltration Mitigation Project",1092000,"Craig"
"161","Environmental Protection Agency","STAG—Drinking Water State Revolving Fund","MN","City of Hastings for PFAS and Nitrates Treatment Project",1092000,"Craig"
"162","Environmental Protection Agency","STAG—Clean Water State Revolving Fund","TX","Newport Municipal Utility District for Sewer System Rehabilitation",750000,"Crenshaw"
"163","Environmental Protection Agency","STAG—Clean Water State Revolving Fund","TX","Harris County Flood Control District for Woodridge Stormwater Detention Basin Construction Project",1e+06,"Crenshaw"
"164","Environmental Protection Agency","STAG—Clean Water State Revolving Fund","TX","The City of Woodbranch Village for Water and Wastewater Project",1e+06,"Crenshaw"
"165","Environmental Protection Agency","STAG—Clean Water State Revolving Fund","TX","Montgomery County Municipal Utility District 84 for Bentwood Drainage Channel Improvement Project Phase II",1e+06,"Crenshaw"
"166","Environmental Protection Agency","STAG—Clean Water State Revolving Fund","TX","Harris County Flood Control District for Kuykendahl Stormwater Detention Basin Project",750000,"Crenshaw"
"167","Environmental Protection Agency","STAG—Clean Water State Revolving Fund","TX","Montgomery County Precinct 4 for Drainage Improvements",750000,"Crenshaw"
"168","Environmental Protection Agency","STAG—Clean Water State Revolving Fund","TX","City of Glenn Height for Wastewater Treatment Project",1092000,"Crockett"
"169","Environmental Protection Agency","STAG—Clean Water State Revolving Fund","TX","City of Grand Prairie for Waterford Lift Station Project",1092000,"Crockett"
"170","Environmental Protection Agency","STAG—Drinking Water State Revolving Fund","TX","City of Glenn Heights for Citywide Infiltration and Inflow Study Project",325000,"Crockett"
"171","Environmental Protection Agency","STAG—Clean Water State Revolving Fund","KS","City of Bonner Springs for Lonestar Interceptor Sanitary Sewer Project",1092000,"Davids"
"172","Environmental Protection Agency","STAG—Clean Water State Revolving Fund","KS","City of Olathe for Olathe Basin C16 Sanitary Sewer Rehabilitation Improvement",884466,"Davids"
"173","Environmental Protection Agency","STAG—Clean Water State Revolving Fund","KS","City of Princeton for Stormwater Improvements",610680,"Davids"
"174","Environmental Protection Agency","STAG—Clean Water State Revolving Fund","IL","Village of Oak Park for Relief Sewer Project",1092000,"Davis (IL)"
"175","Environmental Protection Agency","STAG—Drinking Water State Revolving Fund","IL","Village of Bellwood for Water Infrastructure Improvement Project",1092000,"Davis (IL)"
"176","Environmental Protection Agency","STAG—Drinking Water State Revolving Fund","IL","Village of Forest Park for Water System Improvements",1092000,"Davis (IL)"
"177","Environmental Protection Agency","STAG—Drinking Water State Revolving Fund","IL","Village of Hillside for Drinking Water Improvement Project",1092000,"Davis (IL)"
"178","Environmental Protection Agency","STAG—Drinking Water State Revolving Fund","IL","Village of Maywood for Water Main Improvements",1092000,"Davis (IL)"
"179","Environmental Protection Agency","STAG—Drinking Water State Revolving Fund","IL","Village of North Riverside for Water Main Improvement Project",1092000,"Davis (IL)"
"180","Environmental Protection Agency","STAG—Drinking Water State Revolving Fund","IL","Village of River Forest for Drinking Water Improvement Project",1092000,"Davis (IL)"
"181","Environmental Protection Agency","STAG—Clean Water State Revolving Fund","NC","Northampton County Government for the Town of Garysburg Wastewater Infrastructure Rehabilitation",1092000,"Davis (NC)"
"182","Environmental Protection Agency","STAG—Clean Water State Revolving Fund","NC","Town of Sharpsburg for Sewer Infrastructure Rehabilitation",1092000,"Davis (NC)"
"183","Environmental Protection Agency","STAG—Clean Water State Revolving Fund","NC","Town of Tarboro for Wastewater Treatment Plant Denitrification Upgrade",1092000,"Davis (NC)"
"184","Environmental Protection Agency","STAG—Drinking Water State Revolving Fund","NC","Hertford County for Water System Improvements",1092000,"Davis (NC)"
"185","Environmental Protection Agency","STAG—Drinking Water State Revolving Fund","TX","City of McAllen for Remote Groundwater Well",1e+06,"De La Cruz"
"186","Environmental Protection Agency","STAG—Drinking Water State Revolving Fund","TX","City of Edinburg for Water Treatment Plant Project",750000,"De La Cruz"
"187","Environmental Protection Agency","STAG—Clean Water State Revolving Fund","PA","Upper Merion Township for Water Pollution Control Center Hydrothermal Carbonization Equipment",1092000,"Dean"
"188","Environmental Protection Agency","STAG—Clean Water State Revolving Fund","PA","Upper Providence Township for Second Avenue Force Main and Gravity Main Replacement Project",1092000,"Dean"
"189","Environmental Protection Agency","STAG—Clean Water State Revolving Fund","PA","West Norriton Township for Rittenhouse Pump Station Force Main Replacement Project",1092000,"Dean"
"190","Environmental Protection Agency","STAG—Clean Water State Revolving Fund","CT","Naugatuck Valley Council of Governments for Kinneytown Dam Sewer Relocation",1093276,"DeLauro"
"191","Environmental Protection Agency","STAG—Clean Water State Revolving Fund","CT","Naugatuck Valley Council of Governments for Kinneytown Water Sediment Removal",1093276,"DeLauro"
"192","Environmental Protection Agency","STAG—Clean Water State Revolving Fund","WA","City of Bellevue for Lake Washington Sanitary Sewer Lake Lines Program",5e+05,"DelBene"
"193","Environmental Protection Agency","STAG—Clean Water State Revolving Fund","WA","City of Bothell for Woodcrest Utility Replacement Project",1092000,"DelBene"
"194","Environmental Protection Agency","STAG—Drinking Water State Revolving Fund","WA","City of Redmond for AC Water Main Replacement",1092000,"DelBene"
"195","Environmental Protection Agency","STAG—Clean Water State Revolving Fund","PA","Municipal Water Authority of Aliquippa for WWTP Final Clarifier Rehabilitation Project",9e+05,"Deluzio"
"196","Environmental Protection Agency","STAG—Clean Water State Revolving Fund","CA","Central Contra Costa Sanitary District for Ultraviolet (UV) Disinfection Replacement Project",1092000,"DeSaulnier"
"197","Environmental Protection Agency","STAG—Clean Water State Revolving Fund","OR","City of Gresham for Wastewater Treatment Nitrification Project",1092000,"Dexter"
"198","Environmental Protection Agency","STAG—Clean Water State Revolving Fund","OR","City of Portland for Wastewater Treatment Plant and Pump Reliability Project",1092000,"Dexter"
"199","Environmental Protection Agency","STAG—Clean Water State Revolving Fund","OR","City of Sandy for Wastewater Station Pipeline Project",1092000,"Dexter"
"200","Environmental Protection Agency","STAG—Clean Water State Revolving Fund","FL","Town of Medley for Wastewater Pump Station Improvement Project",1200000,"Diaz-Balart"
"201","Environmental Protection Agency","STAG—Clean Water State Revolving Fund","MI","City of Rockwood for Wastewater Treatment Plant Infrastructure Improvement Plan",1092000,"Dingell"
"202","Environmental Protection Agency","STAG—Clean Water State Revolving Fund","MI","City of Trenton for Sewage Retention Basin Project",1092000,"Dingell"
"203","Environmental Protection Agency","STAG—Clean Water State Revolving Fund","MI","Multi Lakes Water and Sewer Authority for Pollution Prevention Project",580000,"Dingell"
"204","Environmental Protection Agency","STAG—Drinking Water State Revolving Fund","MI","Ypsilanti Community Utilities Authority for Water Main Improvement Project",1092000,"Dingell"
"205","Environmental Protection Agency","STAG—Clean Water State Revolving Fund","TX","City of Austin for Waterloo Greenway Creek Restoration and Water Quality Improvements",1092000,"Doggett"
"206","Environmental Protection Agency","STAG—Clean Water State Revolving Fund","TX","Travis County for McNeil Drive Drainage Improvements",1092000,"Doggett"
"207","Environmental Protection Agency","STAG—Drinking Water State Revolving Fund","MT","City of Billings for Flume Replacement Project",1e+06,"Downing"
"208","Environmental Protection Agency","STAG—Clean Water State Revolving Fund","FL","City of DeFuniak Springs for Wastewater System Upgrade",1e+06,"Dunn"
"209","Environmental Protection Agency","STAG—Clean Water State Revolving Fund","FL","Washington County Board of County Commissioners for Water and Sewer Infrastructure Improvement Project",750000,"Dunn"
"210","Environmental Protection Agency","STAG—Drinking Water State Revolving Fund","FL","Gadsden County for Water System Improvement and Expansion Project",750000,"Dunn"
"211","Environmental Protection Agency","STAG—Drinking Water State Revolving Fund","NC","Town of Spruce Pine for Water Storage Tank Project",2250000,"Edwards"
"212","Environmental Protection Agency","STAG—Drinking Water State Revolving Fund","NC","Town of Elk Park for Water Infrastructure Improvements",528000,"Edwards"
"213","Environmental Protection Agency","STAG—Drinking Water State Revolving Fund","NC","Town of Franklin for High Service Pump Replacement",2e+06,"Edwards"
"214","Environmental Protection Agency","STAG—Clean Water State Revolving Fund","MN","City of Sartell for Force Main Project",2e+06,"Emmer"
"215","Environmental Protection Agency","STAG—Clean Water State Revolving Fund","MN","City of Norwood Young America for Water Infrastructure Improvements",1600000,"Emmer"
"216","Environmental Protection Agency","STAG—Clean Water State Revolving Fund","MN","City of Montrose for Wastewater Treatment Plant Regionalization Project",2e+06,"Emmer"
"217","Environmental Protection Agency","STAG—Clean Water State Revolving Fund","MN","City of St. Francis for Water and Sewer Infrastructure Upgrades",2e+06,"Emmer"
"218","Environmental Protection Agency","STAG—Drinking Water State Revolving Fund","MN","City of Foley for Water Treatment Plant and Well Construction",2e+06,"Emmer"
"219","Environmental Protection Agency","STAG—Clean Water State Revolving Fund","MN","City of Gilman for Infrastructure Improvement Project",2e+06,"Emmer"
"220","Environmental Protection Agency","STAG—Clean Water State Revolving Fund","MN","Laketown Township for Community Sewer Improvement Project",2e+06,"Emmer"
"221","Environmental Protection Agency","STAG—Clean Water State Revolving Fund","MN","City of Big Lake for Wastewater Treatment Plant Improvements",2e+06,"Emmer"
"222","Environmental Protection Agency","STAG—Drinking Water State Revolving Fund","TX","El Paso County for East Montana Water Tower Project",1092000,"Escobar"
"223","Environmental Protection Agency","STAG—Clean Water State Revolving Fund","MS","City of Petal for Wastewater Infrastructure Improvement Project",1750000,"Ezell"
"224","Environmental Protection Agency","STAG—Clean Water State Revolving Fund","LA","Lafayette Consolidated Government for Water and Wastewater Laboratories Replacement Project",1092000,"Fields"
"225","Environmental Protection Agency","STAG—Clean Water State Revolving Fund","AL","City of Phenix for Waste Water Collection System Rehabilitation Part 2",492880,"Figures"
"226","Environmental Protection Agency","STAG—Drinking Water State Revolving Fund","AL","The Water Works and Sewer Board of the City of Greenville for Water Supply District Project",1092000,"Figures"
"227","Environmental Protection Agency","STAG—Drinking Water State Revolving Fund","MN","City of Manchester for Watermain Replacement Project",1750000,"Finstad"
"228","Environmental Protection Agency","STAG—Drinking Water State Revolving Fund","MN","City of Eagle Lake for Water Treatment Improvement Project",1050000,"Finstad"
"229","Environmental Protection Agency","STAG—Clean Water State Revolving Fund","MN","City of Butterfield for Wastewater Treatment Facility Repairs",1050000,"Finstad"
"230","Environmental Protection Agency","STAG—Clean Water State Revolving Fund","MN","City of Rochester for Sanitary Sewer Improvement Project",1e+06,"Finstad"
"231","Environmental Protection Agency","STAG—Clean Water State Revolving Fund","MN","City of Pine Island for Wastewater Treatment Facility",1e+06,"Finstad"
"232","Environmental Protection Agency","STAG—Clean Water State Revolving Fund","MN","City of Trimont for Water Infrastructure Improvements",1e+06,"Finstad"
"233","Environmental Protection Agency","STAG—Clean Water State Revolving Fund","MN","City of Blooming Prairie for Water Infrastructure Improvements",1e+06,"Finstad"
"234","Environmental Protection Agency","STAG—Drinking Water State Revolving Fund","MN","City of Okabena for Water Distribution System Improvements",750000,"Finstad"
"235","Environmental Protection Agency","STAG—Drinking Water State Revolving Fund","MN","City of Pemberton for Distribution System Repairs",8e+05,"Finstad"
"236","Environmental Protection Agency","STAG—Drinking Water State Revolving Fund","MN","City of Dennison for Water Infrastructure Improvement Project",1e+06,"Finstad"
"237","Environmental Protection Agency","STAG—Drinking Water State Revolving Fund","MN","City of Nerstrand for Water Infrastructure Improvements",1e+06,"Finstad"
"238","Environmental Protection Agency","STAG—Clean Water State Revolving Fund","MN","City of West Union for Wastewater Infrastructure Improvement Project",1e+06,"Fischbach"
"239","Environmental Protection Agency","STAG—Clean Water State Revolving Fund","MN","Lake Henry for Sewer System Replacement",5e+05,"Fischbach"
"240","Environmental Protection Agency","STAG—Clean Water State Revolving Fund","MN","City of Elizabeth for Sanitary Sewer Improvement Project",1750000,"Fischbach"
"241","Environmental Protection Agency","STAG—Clean Water State Revolving Fund","MN","City of Ruthton for Water Tower Replacement",750000,"Fischbach"
"242","Environmental Protection Agency","STAG—Clean Water State Revolving Fund","MN","Lake Lillian for Water System Updates",750000,"Fischbach"
"243","Environmental Protection Agency","STAG—Clean Water State Revolving Fund","MN","Hanley Falls for Sewer and Water Main Replacement",750000,"Fischbach"
"244","Environmental Protection Agency","STAG—Drinking Water State Revolving Fund","MN","Henderson for Water Filtration Plant Construction",750000,"Fischbach"
"245","Environmental Protection Agency","STAG—Drinking Water State Revolving Fund","MN","City of Wheaton for Water Main Pipe Replacement",750000,"Fischbach"
"246","Environmental Protection Agency","STAG—Clean Water State Revolving Fund","MN","Barnesville for Water Improvement Project",750000,"Fischbach"
"247","Environmental Protection Agency","STAG—Drinking Water State Revolving Fund","MN","Polk County for Water Improvement Project",750000,"Fischbach"
"248","Environmental Protection Agency","STAG—Drinking Water State Revolving Fund","TN","City of Oak Ridge for Water Infrastructure Project",3e+06,"Fleischmann"
"249","Environmental Protection Agency","STAG—Drinking Water State Revolving Fund","TN","Athens Utilities Board for Water System Improvements",2e+06,"Fleischmann"
"250","Environmental Protection Agency","STAG—Clean Water State Revolving Fund","TX","City of Southside Place for Edloe/Auden Sanitary Sewer Replacement Project",909909,"Fletcher"
"251","Environmental Protection Agency","STAG—Clean Water State Revolving Fund","NE","City of Scribner for Wastewater Treatment Improvement Project",750000,"Flood"
"252","Environmental Protection Agency","STAG—Clean Water State Revolving Fund","CA","City of Visalia for Groundwater Recharge Basin Project",2e+06,"Fong"
"253","Environmental Protection Agency","STAG—Drinking Water State Revolving Fund","CA","Tule River Indian Tribe of California for Water Transmission Improvement Project",1250000,"Fong"
"254","Environmental Protection Agency","STAG—Clean Water State Revolving Fund","CA","City of Ridgecrest for Wastewater Treatment Plant",1e+06,"Fong"
"255","Environmental Protection Agency","STAG—Drinking Water State Revolving Fund","CA","City of Lemoore for Water Meter Project",1e+06,"Fong"
"256","Environmental Protection Agency","STAG—Clean Water State Revolving Fund","IL","City of Crystal Lake for Lead Service Line Replacement",1092000,"Foster"
"257","Environmental Protection Agency","STAG—Clean Water State Revolving Fund","IL","City of Naperville for Springbrook Water Reclamation Center Expansion",1092000,"Foster"
"258","Environmental Protection Agency","STAG—Clean Water State Revolving Fund","IL","Northern Moraine Wastewater Reclamation District for Darrell Road Collection System",1092000,"Foster"
"259","Environmental Protection Agency","STAG—Clean Water State Revolving Fund","IL","Northern Moraine Wastewater Reclamation District for Village of Holiday Hills Sanitary Sewer Extension Project",1092000,"Foster"
"260","Environmental Protection Agency","STAG—Drinking Water State Revolving Fund","IL","Village of Wauconda for Lead Service Line Replacement Phase 1",1092000,"Foster"
"261","Environmental Protection Agency","STAG—Drinking Water State Revolving Fund","IL","City of Aurora for Lead Service Line Replacement Project",1092000,"Foster / Underwood"
"262","Environmental Protection Agency","STAG—Clean Water State Revolving Fund","NC","City of Mebane for GE Pump Station and Force Main Improvement Project",1092000,"Foushee"
"263","Environmental Protection Agency","STAG—Clean Water State Revolving Fund","NC","Durham County for Page Park Lift Station Improvements",1092000,"Foushee"
"264","Environmental Protection Agency","STAG—Drinking Water State Revolving Fund","NC","Orange Water and Sewer Authority for Clearwell Replacement Project",1092000,"Foushee"
"265","Environmental Protection Agency","STAG—Drinking Water State Revolving Fund","NC","Orange Water and Sewer Authority for PFAS Treatment Facility Project",1092000,"Foushee"
"266","Environmental Protection Agency","STAG—Drinking Water State Revolving Fund","NC","Town of Fuquay-Varina for Water Storage Tank Project",1092000,"Foushee"
"267","Environmental Protection Agency","STAG—Drinking Water State Revolving Fund","NC","Town of Holly Springs for Harnett Regional Water Improvement Project",1092000,"Foushee"
"268","Environmental Protection Agency","STAG—Clean Water State Revolving Fund","FL","City of Boynton Beach for Sanitary Sewer Collection System Improvement Project",8e+05,"Frankel"
"269","Environmental Protection Agency","STAG—Drinking Water State Revolving Fund","FL","Town of Lantana for Water Treatment Plant Upgrades",1092000,"Frankel"
"270","Environmental Protection Agency","STAG—Clean Water State Revolving Fund","FL","DeSoto County for Wastewater Treatment Facility Expansion",1500000,"Franklin"
"271","Environmental Protection Agency","STAG—Clean Water State Revolving Fund","FL","Town of Lake Placid for Septic-to-Sewer Project",2500000,"Franklin"
"272","Environmental Protection Agency","STAG—Clean Water State Revolving Fund","FL","Town of Lake Hamilton for Wastewater Treatment Improvements",1500000,"Franklin"
"273","Environmental Protection Agency","STAG—Clean Water State Revolving Fund","FL","City of Auburndale for Sewer Infrastructure Improvements",2500000,"Franklin"
"274","Environmental Protection Agency","STAG—Clean Water State Revolving Fund","FL","City of Bartow for Sewer Lining Project",1250000,"Franklin"
"275","Environmental Protection Agency","STAG—Clean Water State Revolving Fund","FL","Polk County for Water Supply Project",2500000,"Franklin"
"276","Environmental Protection Agency","STAG—Clean Water State Revolving Fund","FL","City of Lakeland for Sewer Main Replacement Project",1250000,"Franklin"
"277","Environmental Protection Agency","STAG—Drinking Water State Revolving Fund","CA","City of Burbank for Potable Reservoir Replacement",1092000,"Friedman"
"278","Environmental Protection Agency","STAG—Drinking Water State Revolving Fund","CA","City of Pasadena for Water and Wastewater System Replacement",1092000,"Friedman"
"279","Environmental Protection Agency","STAG—Clean Water State Revolving Fund","FL","City of Orlando for Stormwater Management Project",8e+05,"Frost"
"280","Environmental Protection Agency","STAG—Clean Water State Revolving Fund","FL","Orange County Utilities Department for Aquifer Storage and Injection Feasibility Project",1092000,"Frost"
"281","Environmental Protection Agency","STAG—Drinking Water State Revolving Fund","SC","City of Florence for Water Treatment Facility Expansion",2250000,"Fry"
"282","Environmental Protection Agency","STAG—Clean Water State Revolving Fund","SC","Town of Pawleys Island for Stormwater Improvement Project",1e+06,"Fry"
"283","Environmental Protection Agency","STAG—Clean Water State Revolving Fund","CA","Contra Costa Sanitary District for Central Sanitation Air Diffuser System Upgrade",1092000,"Garamendi"
"284","Environmental Protection Agency","STAG—Clean Water State Revolving Fund","CA","Delta Diablo for Wastewater Pipeline Replacement",1e+06,"Garamendi"
"285","Environmental Protection Agency","STAG—Clean Water State Revolving Fund","CA","Vallejo Flood and Wastewater District for Mare Island Sewer Rehabilitation",1092000,"Garamendi"
"286","Environmental Protection Agency","STAG—Clean Water State Revolving Fund","NY","Village of Amityville for Sewer Pump Project",8e+05,"Garbarino"
"287","Environmental Protection Agency","STAG—Clean Water State Revolving Fund","NY","Nassau County for Outfall Diffuser Project",1e+06,"Garbarino"
"288","Environmental Protection Agency","STAG—Clean Water State Revolving Fund","NY","Town of Brookhaven for Sanitary Sewer Infrastructure Project",1e+06,"Garbarino"
"289","Environmental Protection Agency","STAG—Clean Water State Revolving Fund","NY","County of Suffolk for West Babylon Sewer Expansion Project",1e+06,"Garbarino"
"290","Environmental Protection Agency","STAG—Clean Water State Revolving Fund","NY","County of Suffolk for Wise County Sewer Expansion Project",1e+06,"Garbarino"
"291","Environmental Protection Agency","STAG—Clean Water State Revolving Fund","IL","Village of Hinsdale for Sixth Street Reconstruction and Utility Project",1092000,"Garcia (IL)"
"292","Environmental Protection Agency","STAG—Drinking Water State Revolving Fund","IL","Leyden Township for Water Main and Lead Service Line Replacement Project",1092000,"Garcia (IL)"
"293","Environmental Protection Agency","STAG—Drinking Water State Revolving Fund","IL","Town of Cicero for South Side Water Pumping Station Improvement",1092000,"Garcia (IL)"
"294","Environmental Protection Agency","STAG—Drinking Water State Revolving Fund","IL","Village of Berkeley for Section 2 Lead Service Line Replacement Project",1024207,"Garcia (IL)"
"295","Environmental Protection Agency","STAG—Drinking Water State Revolving Fund","IL","Village of Melrose Park for Winston Park Water Main Improvements",1092000,"Garcia (IL)"
"296","Environmental Protection Agency","STAG—Clean Water State Revolving Fund","TX","Harris County Pollution Control Services for Satellite Location",1e+06,"Garcia (TX)"
"297","Environmental Protection Agency","STAG—Drinking Water State Revolving Fund","TX","Jacinto City for Safe Drinking Water Project",1092000,"Garcia (TX)"
"298","Environmental Protection Agency","STAG—Clean Water State Revolving Fund","TX","Wise County Water Control and Improvement District 1 for Regional Wastewater Study",240000,"Gill"
"299","Environmental Protection Agency","STAG—Drinking Water State Revolving Fund","TX","Wise County Water Control and Improvement District 1 for Water Supply Study",1300000,"Gill"
"300","Environmental Protection Agency","STAG—Drinking Water State Revolving Fund","NY","City of Long Beach for Sand Filter Tank Replacement",1092000,"Gillen"
"301","Environmental Protection Agency","STAG—Drinking Water State Revolving Fund","NY","Village of Hempstead for Water Treatment Upgrades",1092000,"Gillen"
"302","Environmental Protection Agency","STAG—Drinking Water State Revolving Fund","FL","Florida Keys Aqueduct Authority for Water Transmission Improvement Project",750000,"Gimenez"
"303","Environmental Protection Agency","STAG—Clean Water State Revolving Fund","ME","Town of Wilton for Water Main System Upgrade",1092000,"Golden"
"304","Environmental Protection Agency","STAG—Clean Water State Revolving Fund","TX","City of Somerset for Wastewater System Expansion",1250000,"Gonzales"
"305","Environmental Protection Agency","STAG—Drinking Water State Revolving Fund","TX","Uvalde County for New Wells Project",1250000,"Gonzales"
"306","Environmental Protection Agency","STAG—Drinking Water State Revolving Fund","TX","City of San Benito for Storage Tank at San Benito Water Treatment Plant No. 2 Phase 2",1092000,"Gonzalez"
"307","Environmental Protection Agency","STAG—Drinking Water State Revolving Fund","TX","North Alamo Water Supply Corporation for Water Distribution Improvement Project",1e+06,"Gonzalez"
"308","Environmental Protection Agency","STAG—Clean Water State Revolving Fund","TX","City of Kaufman for Wastewater Treatment Plant Upgrades",1e+06,"Gooden"
"309","Environmental Protection Agency","STAG—Drinking Water State Revolving Fund","NH","Town of Newport for Water Distribution System Replacement Project",640000,"Goodlander"
"310","Environmental Protection Agency","STAG—Clean Water State Revolving Fund","NJ","Borough of Cresskill for Tenakill Brook Watershed Clean Water Initiative",1092000,"Gottheimer"
"311","Environmental Protection Agency","STAG—Clean Water State Revolving Fund","NJ","Borough of Dumont for Sewer Integrity Support Project",1043120,"Gottheimer"
"312","Environmental Protection Agency","STAG—Clean Water State Revolving Fund","NJ","Borough of Fair Lawn for Sewer Pipeline Rehabilitation",1092000,"Gottheimer"
"313","Environmental Protection Agency","STAG—Clean Water State Revolving Fund","NJ","Borough of Fort Lee for Sewer Improvements",184000,"Gottheimer"
"314","Environmental Protection Agency","STAG—Clean Water State Revolving Fund","NJ","Borough of Palisades Park for Grand Avenue Sewer Main Replacement Project",1e+06,"Gottheimer"
"315","Environmental Protection Agency","STAG—Clean Water State Revolving Fund","NJ","Sussex County Municipal Utilities Authority for Wastewater Treatment Project",1092000,"Gottheimer"
"316","Environmental Protection Agency","STAG—Clean Water State Revolving Fund","NJ","Township of Washington for Stream Restoration Project",6e+05,"Gottheimer"
"317","Environmental Protection Agency","STAG—Clean Water State Revolving Fund","CA","City of Dos Palos for Wastewater Treatment Facility Project",1092000,"Gray"
"318","Environmental Protection Agency","STAG—Drinking Water State Revolving Fund","CA","City of Coalinga for Sodium Hydroxide Storage and Injection Facility Project",1092000,"Gray"
"319","Environmental Protection Agency","STAG—Clean Water State Revolving Fund","TX","Missouri City for Well Capacity Expansion Project",1092000,"Green"
"320","Environmental Protection Agency","STAG—Drinking Water State Revolving Fund","GA","Walker County Water and Sewerage Authority for Water Infrastructure Improvements",7e+05,"Greene"
"321","Environmental Protection Agency","STAG—Clean Water State Revolving Fund","GA","Whitfield County for Sewer System Expansion",650000,"Greene"
"322","Environmental Protection Agency","STAG—Drinking Water State Revolving Fund","GA","Floyd County for Well Design and Construction Project",650000,"Greene"
"323","Environmental Protection Agency","STAG—Clean Water State Revolving Fund","GA","Paulding County Board of Commissioners for Wastewater Reroute Project",750000,"Greene"
"324","Environmental Protection Agency","STAG—Clean Water State Revolving Fund","VA","Bedford Regional Water Authority for Sanitary Sewer System Replacement",750000,"Griffith"
"325","Environmental Protection Agency","STAG—Drinking Water State Revolving Fund","MS","Town of Sanderville for Water Infrastructure Improvements",2080000,"Guest"
"326","Environmental Protection Agency","STAG—Drinking Water State Revolving Fund","MS","City of Meridian for Water Storage Facility Project",1500000,"Guest"
"327","Environmental Protection Agency","STAG—Clean Water State Revolving Fund","MS","City of Starkville for Wastewater Treatment Plant Improvements",1500000,"Guest"
"328","Environmental Protection Agency","STAG—Drinking Water State Revolving Fund","MS","City of Brandon for Water Storage Tank Project",1250000,"Guest"
"329","Environmental Protection Agency","STAG—Drinking Water State Revolving Fund","KY","City of Vine Grove for Water Line Improvements",817491,"Guthrie"
"330","Environmental Protection Agency","STAG—Clean Water State Revolving Fund","KY","City of Greenville for Wastewater Treatment Plant Rehabilitation",854400,"Guthrie"
"331","Environmental Protection Agency","STAG—Drinking Water State Revolving Fund","KY","City of Auburn for Water Line Replacement",656000,"Guthrie"
"332","Environmental Protection Agency","STAG—Clean Water State Revolving Fund","KY","Louisville and Jefferson County Metropolitan Sewer District for Wastewater Collection System Rehabilitation",750000,"Guthrie"
"333","Environmental Protection Agency","STAG—Clean Water State Revolving Fund","WY","City of Casper for Sanitary Sewer Project",1750000,"Hageman"
"334","Environmental Protection Agency","STAG—Clean Water State Revolving Fund","WY","Northern Arapaho Tribe for Wastewater System Improvement Project",1e+06,"Hageman"
"335","Environmental Protection Agency","STAG—Drinking Water State Revolving Fund","WY","City of Mills for Water Distribution Upgrades",1e+06,"Hageman"
"336","Environmental Protection Agency","STAG—Clean Water State Revolving Fund","WY","Town of Jackson for Sewer Infrastructure Improvements",1e+06,"Hageman"
"337","Environmental Protection Agency","STAG—Drinking Water State Revolving Fund","CA","City of Escalon for SSJID Surface Water Connection Project",1092000,"Harder"
"338","Environmental Protection Agency","STAG—Drinking Water State Revolving Fund","FL","City of West Melbourne for Reverse Osmosis Water Production Facility",1250000,"Haridopolos"
"339","Environmental Protection Agency","STAG—Clean Water State Revolving Fund","FL","Space Florida for Wastewater Treatment Plant Expansion",8e+05,"Haridopolos"
"340","Environmental Protection Agency","STAG—Clean Water State Revolving Fund","FL","Brevard County for Sewer Expansion",8e+05,"Haridopolos"
"341","Environmental Protection Agency","STAG—Clean Water State Revolving Fund","FL","City of Cocoa for Septic-to-Sewer Conversion Project",1250000,"Haridopolos"
"342","Environmental Protection Agency","STAG—Clean Water State Revolving Fund","FL","Brevard County for Water Quality Improvement Project",1e+06,"Haridopolos"
"343","Environmental Protection Agency","STAG—Clean Water State Revolving Fund","FL","City of Palm Bay for Water Quality Improvement Projects",1800000,"Haridopolos"
"344","Environmental Protection Agency","STAG—Clean Water State Revolving Fund","FL","Brevard County for Stormwater Drainage Improvements Phase IV",1e+06,"Haridopolos"
"345","Environmental Protection Agency","STAG—Drinking Water State Revolving Fund","NC","Lincoln County for Transmission Line Project",2e+06,"Harrigan"
"346","Environmental Protection Agency","STAG—Clean Water State Revolving Fund","MD","City of Aberdeen for Water Infrastructure Upgrades",2e+06,"Harris (MD)"
"347","Environmental Protection Agency","STAG—Drinking Water State Revolving Fund","MD","Worcester County for Water Treatment Plant Replacement",2550000,"Harris (MD)"
"348","Environmental Protection Agency","STAG—Drinking Water State Revolving Fund","MD","Town of North East for Pump Station Project",1950000,"Harris (MD)"
"349","Environmental Protection Agency","STAG—Drinking Water State Revolving Fund","TN","City of Elizabethton for Water Main Extension",828576,"Harshbarger"
"350","Environmental Protection Agency","STAG—Clean Water State Revolving Fund","TN","Town of Mosheim for Wastewater Treatment Plant Upgrades",750000,"Harshbarger"
"351","Environmental Protection Agency","STAG—Drinking Water State Revolving Fund","TN","Bloomingdale Utility District for Water Treatment Plant Improvements",8e+05,"Harshbarger"
"352","Environmental Protection Agency","STAG—Clean Water State Revolving Fund","CT","City of Torrington for Toro Field Siphon Abandonment and Sewer Replacement Technology",1092000,"Hayes"
"353","Environmental Protection Agency","STAG—Drinking Water State Revolving Fund","LA","Lafayette Consolidated Government for Water Line Replacement",1e+06,"Higgins"
"354","Environmental Protection Agency","STAG—Drinking Water State Revolving Fund","LA","Jefferson Davis Parish for Rural Water District Improvements",750000,"Higgins"
"355","Environmental Protection Agency","STAG—Clean Water State Revolving Fund","LA","City of New Iberia for Pump Station Construction",750000,"Higgins"
"356","Environmental Protection Agency","STAG—Clean Water State Revolving Fund","CT","City of Stamford for Stormwater Management Improvements",1092000,"Himes"
"357","Environmental Protection Agency","STAG—Clean Water State Revolving Fund","CT","Town of New Canaan for Wastewater Treatment UV System Replacement",1092000,"Himes"
"358","Environmental Protection Agency","STAG—Clean Water State Revolving Fund","CT","Town of Trumbull for Beardsley Pump Station and Force Main Replacement",1092000,"Himes"
"359","Environmental Protection Agency","STAG—Clean Water State Revolving Fund","IA","City of Dubuque for Water Improvement Project",2e+06,"Hinson"
"360","Environmental Protection Agency","STAG—Clean Water State Revolving Fund","IA","City of Independence for Wastewater Treatment Plant Modernization",2e+06,"Hinson"
"361","Environmental Protection Agency","STAG—Clean Water State Revolving Fund","IA","City of Dyersville for Westlinden Lift Station Project",1200000,"Hinson"
"362","Environmental Protection Agency","STAG—Clean Water State Revolving Fund","NV","City of North Las Vegas for Losee Wash Diversion Project",1092000,"Horsford"
"363","Environmental Protection Agency","STAG—Clean Water State Revolving Fund","NV","Clark County Water Reclamation District for Wastewater Treatment Facility Project",1092000,"Horsford"
"364","Environmental Protection Agency","STAG—Drinking Water State Revolving Fund","NV","Las Vegas Valley Water District for Kyle Canyon Discharge Line Project",1092000,"Horsford"
"365","Environmental Protection Agency","STAG—Drinking Water State Revolving Fund","NV","Moapa Valley Water District for Water Transmission Line Project",1092000,"Horsford"
"366","Environmental Protection Agency","STAG—Drinking Water State Revolving Fund","NV","Virgin Valley Water District for Main Transmission Line Replacement",1092000,"Horsford"
"367","Environmental Protection Agency","STAG—Clean Water State Revolving Fund","IN","Brown County Regional Sewer District for Wastewater Treatment Plant Project",3700000,"Houchin"
"368","Environmental Protection Agency","STAG—Drinking Water State Revolving Fund","IN","City of Bloomington Utilities for Water Treatment Plant Project",1250000,"Houchin"
"369","Environmental Protection Agency","STAG—Clean Water State Revolving Fund","IN","City of Madison for Stormwater Management Project",1e+06,"Houchin"
"370","Environmental Protection Agency","STAG—Clean Water State Revolving Fund","MD","Town of Indian Head for Anchor Point Booster Station Wellhouse Design and Construction Project",1092000,"Hoyer"
"371","Environmental Protection Agency","STAG—Clean Water State Revolving Fund","MD","Town of Indian Head for Mattawoman Woods and Dogwood Lift Station Project",8e+05,"Hoyer"
"372","Environmental Protection Agency","STAG—Drinking Water State Revolving Fund","MD","City of Bowie for Drinking Water Pipe Replacement Project",1092000,"Hoyer"
"373","Environmental Protection Agency","STAG—Clean Water State Revolving Fund","TX","Harris County Flood Control District for Cypress Creek Regional Stormwater Detention Basin",1e+06,"Hunt"
"374","Environmental Protection Agency","STAG—Clean Water State Revolving Fund","TX","Harris County Flood Control District for Schiel Road Stormwater Detention Basin",1e+06,"Hunt"
"375","Environmental Protection Agency","STAG—Drinking Water State Revolving Fund","TX","City of Jersey Village for Water Improvement Project",1e+06,"Hunt"
"376","Environmental Protection Agency","STAG—Drinking Water State Revolving Fund","CO","Pueblo County for Drinking Water Infrastructure Improvements",1e+06,"Hurd"
"377","Environmental Protection Agency","STAG—Drinking Water State Revolving Fund","CO","Norwood Water Commission for Water Line Project",1250000,"Hurd"
"378","Environmental Protection Agency","STAG—Drinking Water State Revolving Fund","CO","Town of De Beque for Secondary Water Source Project",320000,"Hurd"
"379","Environmental Protection Agency","STAG—Drinking Water State Revolving Fund","CA","Fallbrook Public Utility District for Water Line Replacement",1e+06,"Issa"
"380","Environmental Protection Agency","STAG—Drinking Water State Revolving Fund","CA","City of Poway for Water Supply Project",1e+06,"Issa"
"381","Environmental Protection Agency","STAG—Clean Water State Revolving Fund","CA","Eastern Municipal Water District for Sewer Infrastructure Project",1e+06,"Issa"
"382","Environmental Protection Agency","STAG—Clean Water State Revolving Fund","CA","Padre Dam Municipal Water District for Water Purification Project",1e+06,"Issa"
"383","Environmental Protection Agency","STAG—Drinking Water State Revolving Fund","CA","Borrego Water District for Water Line Replacement",750000,"Issa"
"384","Environmental Protection Agency","STAG—Drinking Water State Revolving Fund","CA","Rancho California Water District for Water Treatment Facility Construction",1e+06,"Issa"
"385","Environmental Protection Agency","STAG—Clean Water State Revolving Fund","MD","Washington Suburban Sanitary Commission for Sewer Rehabilitation",1092000,"Ivey"
"386","Environmental Protection Agency","STAG—Clean Water State Revolving Fund","TX","City of Amarillo for Wastewater Treatment Plant Project",1750000,"Jackson (TX)"
"387","Environmental Protection Agency","STAG—Clean Water State Revolving Fund","TX","City of Runaway Bay for Wastewater Infrastructure Improvements",1e+06,"Jackson (TX)"
"388","Environmental Protection Agency","STAG—Drinking Water State Revolving Fund","TX","Red River Authority of Texas for Foard County Water System Project",768000,"Jackson (TX)"
"389","Environmental Protection Agency","STAG—Drinking Water State Revolving Fund","TX","Red River Authority of Texas for Truscott Gilliland Water System Project",896000,"Jackson (TX)"
"390","Environmental Protection Agency","STAG—Clean Water State Revolving Fund","WA","Southwest Suburban Sewer District for Sewer Rehabilitation Project Phase 1",1092000,"Jayapal"
"391","Environmental Protection Agency","STAG—Drinking Water State Revolving Fund","GA","DeKalb County for Lithonia Booster Pump Station Standby Power Project",726625,"Johnson (GA)"
"392","Environmental Protection Agency","STAG—Drinking Water State Revolving Fund","GA","DeKalb County for Water Storage Tank Fill Valve Replacement Project",561150,"Johnson (GA)"
"393","Environmental Protection Agency","STAG—Drinking Water State Revolving Fund","TX","City of Farmers Branch for Waterline Replacement Project",1092000,"Johnson (TX)"
"394","Environmental Protection Agency","STAG—Clean Water State Revolving Fund","OH","Ravenna Township for Wastewater Collection System",2e+06,"Joyce (OH)"
"395","Environmental Protection Agency","STAG—Drinking Water State Revolving Fund","OH","Ashtabula County for Water Infrastructure Extension",1488000,"Joyce (OH)"
"396","Environmental Protection Agency","STAG—Drinking Water State Revolving Fund","OH","Village of Andover for Water Tower Rehabilitation",1e+06,"Joyce (OH)"
"397","Environmental Protection Agency","STAG—Clean Water State Revolving Fund","OH","City of Kirtland for Sanitary Sewer Extension",2e+06,"Joyce (OH)"
"398","Environmental Protection Agency","STAG—Drinking Water State Revolving Fund","OH","City of Chardon for Water Tank Upgrade",1280000,"Joyce (OH)"
"399","Environmental Protection Agency","STAG—Clean Water State Revolving Fund","OH","Fairport Harbor Village for Water System Upgrade",929600,"Joyce (OH)"
"400","Environmental Protection Agency","STAG—Clean Water State Revolving Fund","PA","Guilford Township Municipal Authority for Sewer Improvement Project",2e+06,"Joyce (PA)"
"401","Environmental Protection Agency","STAG—Clean Water State Revolving Fund","PA","Fairfield Municipal Authority for Sanitary Sewer Rehabilitation",1e+06,"Joyce (PA)"
"402","Environmental Protection Agency","STAG—Drinking Water State Revolving Fund","OH","City of Defiance for Water Distribution Upgrades",960000,"Kaptur"
"403","Environmental Protection Agency","STAG—Clean Water State Revolving Fund","NJ","Borough of Mount Arlington for Stormwater Improvement Project",560000,"Kean"
"404","Environmental Protection Agency","STAG—Drinking Water State Revolving Fund","NJ","Borough of Hopatcong for Lead Service Line Replacement",1e+06,"Kean"
"405","Environmental Protection Agency","STAG—Clean Water State Revolving Fund","NJ","Sparta Township for Pump Station Improvements",4e+05,"Kean"
"406","Environmental Protection Agency","STAG—Clean Water State Revolving Fund","MA","Town of Rockland for Wastewater Treatment Plant and Collection System Upgrades",1092000,"Keating"
"407","Environmental Protection Agency","STAG—Clean Water State Revolving Fund","MA","Town of Wareham for Sewer Improvements Phase 2",1092000,"Keating"
"408","Environmental Protection Agency","STAG—Clean Water State Revolving Fund","MA","Town of Westport for Trunk Water and Sewer—Sections 2 and 3",1092000,"Keating"
"409","Environmental Protection Agency","STAG—Drinking Water State Revolving Fund","IL","Southland Water Agency for Water Intake Pipe Project",1092000,"Kelly (IL)"
"410","Environmental Protection Agency","STAG—Clean Water State Revolving Fund","MS","City of Oxford for Water Infrastructure Improvements",1e+06,"Kelly (MS)"
"411","Environmental Protection Agency","STAG—Clean Water State Revolving Fund","PA","Hermitage Municipal Authority for Sewer Upgrades",913600,"Kelly (PA)"
"412","Environmental Protection Agency","STAG—Drinking Water State Revolving Fund","PA","Cranberry Township for Water Line Replacement",1e+06,"Kelly (PA)"
"413","Environmental Protection Agency","STAG—Clean Water State Revolving Fund","PA","City of Meadville for Force Main Replacement",750000,"Kelly (PA)"
"414","Environmental Protection Agency","STAG—Drinking Water State Revolving Fund","PA","Chicora Borough Water Department for Water Plant Improvement Project",1250000,"Kelly (PA)"
"415","Environmental Protection Agency","STAG—Drinking Water State Revolving Fund","NY","Buffalo Sewer Authority for Lead Service Line Replacement Project",1092000,"Kennedy (NY)"
"416","Environmental Protection Agency","STAG—Drinking Water State Revolving Fund","NY","Erie County Water Authority for Lead Service Line Replacement Program",1092000,"Kennedy (NY)"
"417","Environmental Protection Agency","STAG—Drinking Water State Revolving Fund","NY","Town of Grand Island for Water Treatment Plant Filter Upgrades",1092000,"Kennedy (NY)"
"418","Environmental Protection Agency","STAG—Drinking Water State Revolving Fund","NY","Town of Tonawanda for Old Town Waterline Replacement",1092000,"Kennedy (NY)"
"419","Environmental Protection Agency","STAG—Drinking Water State Revolving Fund","UT","Draper City Waterline Transmission and Distribution Upgrades",2e+06,"Kennedy (UT)"
"420","Environmental Protection Agency","STAG—Clean Water State Revolving Fund","CA","City of San Jose for Restoration Project",1092000,"Khanna"
"421","Environmental Protection Agency","STAG—Clean Water State Revolving Fund","CA","City of Sunnyvale for Cleanwater Center Project",1092000,"Khanna"
"422","Environmental Protection Agency","STAG—Drinking Water State Revolving Fund","CA","Santa Clara Valley Water District for Silicon Valley Regional Purified Water Facility",1092000,"Khanna"
"423","Environmental Protection Agency","STAG—Clean Water State Revolving Fund","VA","City of Suffolk for Sanitary Sewer Improvements",1250000,"Kiggans"
"424","Environmental Protection Agency","STAG—Clean Water State Revolving Fund","VA","City of Virginia Beach for Stormwater Storage Project",1e+06,"Kiggans"
"425","Environmental Protection Agency","STAG—Clean Water State Revolving Fund","VA","City of Suffolk for Sanitary Sewer Relocation Project",1e+06,"Kiggans"
"426","Environmental Protection Agency","STAG—Clean Water State Revolving Fund","VA","Hampton Roads Sanitation District for Onancock Pump Station Project",750000,"Kiggans"
"427","Environmental Protection Agency","STAG—Drinking Water State Revolving Fund","VA","Town of Parksley for Water Storage Improvement Project",750000,"Kiggans"
"428","Environmental Protection Agency","STAG—Drinking Water State Revolving Fund","CA","South Tahoe Public Utility District for Water Improvement Project",1200000,"Kiley"
"429","Environmental Protection Agency","STAG—Drinking Water State Revolving Fund","CA","Tahoe City Public Utility District for Water Infrastructure Improvement Project",1250000,"Kiley"
"430","Environmental Protection Agency","STAG—Drinking Water State Revolving Fund","CA","Orange County Water District for PFAS Treatment Project",750000,"Kim"
"431","Environmental Protection Agency","STAG—Drinking Water State Revolving Fund","CA","Santa Margarita Water District for Water Treatment Plant",750000,"Kim"
"432","Environmental Protection Agency","STAG—Clean Water State Revolving Fund","IL","DuPage County for Newton & Second Ave Flood Reduction Project",240000,"Krishnamoorthi"
"433","Environmental Protection Agency","STAG—Clean Water State Revolving Fund","IL","Fox River Water Reclamation District for Influent Bar Screen Installation Project",1092000,"Krishnamoorthi"
"434","Environmental Protection Agency","STAG—Drinking Water State Revolving Fund","IL","DuPage Water Commission for Regional Source Water Project Stage 1",1e+06,"Krishnamoorthi"
"435","Environmental Protection Agency","STAG—Drinking Water State Revolving Fund","IL","Village of Elk Grove for Water Main Lining Project",1092000,"Krishnamoorthi"
"436","Environmental Protection Agency","STAG—Clean Water State Revolving Fund","TN","Town of Arlington for Wastewater Treatment Plant Expansion",1e+06,"Kustoff"
"437","Environmental Protection Agency","STAG—Clean Water State Revolving Fund","TN","City of Bartlett for Sewer Equalization Tank Installation",1e+06,"Kustoff"
"438","Environmental Protection Agency","STAG—Clean Water State Revolving Fund","TN","Jackson Energy Authority for Water and Wastewater Extension Project",750000,"Kustoff"
"439","Environmental Protection Agency","STAG—Drinking Water State Revolving Fund","TN","City of Henderson for Water Main Replacement Project",750000,"Kustoff"
"440","Environmental Protection Agency","STAG—Clean Water State Revolving Fund","TN","City of Selmer for Sewer System Upgrade",750000,"Kustoff"
"441","Environmental Protection Agency","STAG—Clean Water State Revolving Fund","IL","City of Dixon for Flooding Mediation Project",2e+06,"LaHood"
"442","Environmental Protection Agency","STAG—Clean Water State Revolving Fund","IL","City of South Beloit for Lift Station and Force Main Improvements Project",750000,"LaHood"
"443","Environmental Protection Agency","STAG—Drinking Water State Revolving Fund","NY","Town of Riverhead for Water Service Expansion",2250000,"LaLota"
"444","Environmental Protection Agency","STAG—Drinking Water State Revolving Fund","NY","Town of Smithtown for Water Service Expansion",1086400,"LaLota"
"445","Environmental Protection Agency","STAG—Clean Water State Revolving Fund","NY","Town of Brookhaven for Water Infrastructure Improvements",1250000,"LaLota"
"446","Environmental Protection Agency","STAG—Clean Water State Revolving Fund","NY","Suffolk County for Outfall Pipe Replacement",1e+06,"LaLota"
"447","Environmental Protection Agency","STAG—Clean Water State Revolving Fund","NY","Suffolk County for Wastewater Treatment Plant Improvements",1e+06,"LaLota"
"448","Environmental Protection Agency","STAG—Drinking Water State Revolving Fund","CA","City of Williams for Water Infrastructure Improvements",1e+06,"LaMalfa"
"449","Environmental Protection Agency","STAG—Clean Water State Revolving Fund","NY","City of Corning for Wastewater Treatment Plant Boiler Replacement",984000,"Langworthy"
"450","Environmental Protection Agency","STAG—Drinking Water State Revolving Fund","NY","Allegany County for Water System Improvements",1250000,"Langworthy"
"451","Environmental Protection Agency","STAG—Clean Water State Revolving Fund","NY","City of Jamestown for Stormwater Channel Maintenance",1250000,"Langworthy"
"452","Environmental Protection Agency","STAG—Drinking Water State Revolving Fund","NY","City of Olean for Water Filtration Plant Exterior Wall Reconstruction",1e+06,"Langworthy"
"453","Environmental Protection Agency","STAG—Drinking Water State Revolving Fund","NY","Town of Ellicott for Water Service Extension",1e+06,"Langworthy"
"454","Environmental Protection Agency","STAG—Clean Water State Revolving Fund","NY","Town of Elma for Consolidated Wastewater Treatment Plant",1e+06,"Langworthy"
"455","Environmental Protection Agency","STAG—Clean Water State Revolving Fund","NY","Town of Randolph for Sanitary Sewer System Improvements",1e+06,"Langworthy"
"456","Environmental Protection Agency","STAG—Clean Water State Revolving Fund","NY","Town of Dix for Water and Sewer Service Extension",1e+06,"Langworthy"
"457","Environmental Protection Agency","STAG—Drinking Water State Revolving Fund","CT","Southington Water Department for Wells 9 and 10 PFAS Treatment",1092000,"Larson"
"458","Environmental Protection Agency","STAG—Clean Water State Revolving Fund","NY","Village of Bronxville for Stormwater Drainage Improvement",1092000,"Latimer"
"459","Environmental Protection Agency","STAG—Clean Water State Revolving Fund","NY","Village of Hastings-on-Hudson for Stormwater Management Project",1092000,"Latimer"
"460","Environmental Protection Agency","STAG—Drinking Water State Revolving Fund","NY","City of Yonkers for Water Main Replacement Under I–87",1092000,"Latimer"
"461","Environmental Protection Agency","STAG—Clean Water State Revolving Fund","OH","City of Elyria for Sewer Extension Project",2e+06,"Latta"
"462","Environmental Protection Agency","STAG—Drinking Water State Revolving Fund","NY","Village of Pleasantville for Water Tank Improvements",2250000,"Lawler"
"463","Environmental Protection Agency","STAG—Drinking Water State Revolving Fund","NY","Town of Carmel for Water Plant Improvements",1250000,"Lawler"
"464","Environmental Protection Agency","STAG—Clean Water State Revolving Fund","NY","Town of Yorktown for Sewer Service Expansion",1250000,"Lawler"
"465","Environmental Protection Agency","STAG—Clean Water State Revolving Fund","NY","Town of North Salem for Sewer Installation",1250000,"Lawler"
"466","Environmental Protection Agency","STAG—Drinking Water State Revolving Fund","NY","Village of Sleepy Hollow for Water Main Lining Project",983200,"Lawler"
"467","Environmental Protection Agency","STAG—Drinking Water State Revolving Fund","NY","Town of Ossining for Water Distribution System Upgrades",1e+06,"Lawler"
"468","Environmental Protection Agency","STAG—Drinking Water State Revolving Fund","FL","Pasco County for Booster Station Project",1e+06,"Lee (FL)"
"469","Environmental Protection Agency","STAG—Drinking Water State Revolving Fund","FL","Hillsborough County for Water Infrastructure Assessment",5e+05,"Lee (FL)"
"470","Environmental Protection Agency","STAG—Drinking Water State Revolving Fund","FL","City of Lakeland for Water Treatment Plant Upgrades",8e+05,"Lee (FL)"
"471","Environmental Protection Agency","STAG—Clean Water State Revolving Fund","NV","Clark County Water Reclamation District for Laughlin Lift Station No. 2 Replacement",1092000,"Lee (NV)"
"472","Environmental Protection Agency","STAG—Clean Water State Revolving Fund","PA","Municipality of Bethel Park for Piney Fork Interceptor Lining Project",520000,"Lee (PA)"
"473","Environmental Protection Agency","STAG—Drinking Water State Revolving Fund","PA","Monroeville Municipal Authority for Transite Water Line Replacements",1092000,"Lee (PA)"
"474","Environmental Protection Agency","STAG—Clean Water State Revolving Fund","LA","City of Baton Rouge for Stormwater Quality Improvement Project",2e+06,"Letlow"
"475","Environmental Protection Agency","STAG—Clean Water State Revolving Fund","LA","Town of Amite City for Regional Wastewater Treatment and Transmission Facilities Project",2e+06,"Letlow"
"476","Environmental Protection Agency","STAG—Drinking Water State Revolving Fund","CA","Montara Water and Sanitary District for Water and Sewer Line Relocation Project",1092000,"Liccardo"
"477","Environmental Protection Agency","STAG—Drinking Water State Revolving Fund","CA","City of Beverly Hills for Water Main Replacement Project",1092000,"Lieu"
"478","Environmental Protection Agency","STAG—Drinking Water State Revolving Fund","CA","City of Manhattan Beach for Cybersecurity of Critical Infrastructure Project",1040000,"Lieu"
"479","Environmental Protection Agency","STAG—Clean Water State Revolving Fund","CA","City of Watsonville for Pump Station Facilities Project",1092000,"Lofgren"
"480","Environmental Protection Agency","STAG—Drinking Water State Revolving Fund","CA","City of San Juan Bautista for Drinking Water Supply Regionalization",1092000,"Lofgren"
"481","Environmental Protection Agency","STAG—Drinking Water State Revolving Fund","CA","County of Monterey for San Lucas Water Treatment Project",1092000,"Lofgren"
"482","Environmental Protection Agency","STAG—Clean Water State Revolving Fund","OK","City of Woodward for Wastewater Plant Upgrades",1150000,"Lucas"
"483","Environmental Protection Agency","STAG—Drinking Water State Revolving Fund","OK","City of Stillwater for Transmission Line Project",1e+06,"Lucas"
"484","Environmental Protection Agency","STAG—Drinking Water State Revolving Fund","OK","City of Guymon for Water System Improvements",1150000,"Lucas"
"485","Environmental Protection Agency","STAG—Clean Water State Revolving Fund","OK","City of Enid for Solids Plant Relocation",850000,"Lucas"
"486","Environmental Protection Agency","STAG—Clean Water State Revolving Fund","FL","City of Clearwater for Stormwater Improvement Project",1750000,"Luna"
"487","Environmental Protection Agency","STAG—Clean Water State Revolving Fund","FL","City of Treasure Island for Wastewater Collection System Lining Project",1600000,"Luna"
"488","Environmental Protection Agency","STAG—Clean Water State Revolving Fund","FL","Pinellas County Board of Commissioners for Pump Station Improvement Project",750000,"Luna"
"489","Environmental Protection Agency","STAG—Clean Water State Revolving Fund","TX","Harris County Flood Control District for West Little York Stormwater Detention Basin Project",1250000,"Luttrell"
"490","Environmental Protection Agency","STAG—Clean Water State Revolving Fund","TX","Harris County Flood Control District for Stormwater Detention Basin Project",750000,"Luttrell"
"491","Environmental Protection Agency","STAG—Clean Water State Revolving Fund","RI","City of Cranston for Stormwater Management Project",1092000,"Magaziner"
"492","Environmental Protection Agency","STAG—Clean Water State Revolving Fund","RI","Town of Westerly for Sewer Relining Project",680000,"Magaziner"
"493","Environmental Protection Agency","STAG—Drinking Water State Revolving Fund","UT","Big Plains Water Special Service District for Transmission Pipeline Project",2e+06,"Maloy"
"494","Environmental Protection Agency","STAG—Clean Water State Revolving Fund","UT","Salt Lake County for Central Valley Water Treatment Facility Upgrades",1e+06,"Maloy"
"495","Environmental Protection Agency","STAG—Clean Water State Revolving Fund","UT","Santa Clara City for Sewer Line Expansion",1250000,"Maloy"
"496","Environmental Protection Agency","STAG—Drinking Water State Revolving Fund","UT","Bountiful City for Water System Improvements",1750000,"Maloy"
"497","Environmental Protection Agency","STAG—Clean Water State Revolving Fund","UT","Central Iron County Water Conservancy District for Effluent Reuse Project",1750000,"Maloy"
"498","Environmental Protection Agency","STAG—Clean Water State Revolving Fund","NY","Town of Verona for Durhamville Sewer District Project",1092000,"Mannion"
"499","Environmental Protection Agency","STAG—Clean Water State Revolving Fund","NY","Village of Elbridge for Water System Improvements Project",1092000,"Mannion"
"500","Environmental Protection Agency","STAG—Clean Water State Revolving Fund","NY","Village of Minoa for Wastewater Treatment Plant Improvements",565000,"Mannion"
"501","Environmental Protection Agency","STAG—Drinking Water State Revolving Fund","NY","City of Syracuse for Lead Service Line Replacements",1092000,"Mannion"
"502","Environmental Protection Agency","STAG—Drinking Water State Revolving Fund","NY","Onondaga County Water Authority for Lead Service Lines Replacement Project",1092000,"Mannion"
"503","Environmental Protection Agency","STAG—Drinking Water State Revolving Fund","NY","Town of Tully for Water Source Replacement and Transmission Project",1092000,"Mannion"
"504","Environmental Protection Agency","STAG—Drinking Water State Revolving Fund","NY","Village of Aurora for Water Treatment Plant and System Improvements",1092000,"Mannion"
"505","Environmental Protection Agency","STAG—Clean Water State Revolving Fund","FL","City of Port St. Lucie for Stormwater Quality Project",750000,"Mast"
"506","Environmental Protection Agency","STAG—Clean Water State Revolving Fund","GA","City of South Fulton for Stormwater Improvement Project",1092000,"McBath"
"507","Environmental Protection Agency","STAG—Drinking Water State Revolving Fund","GA","City of East Point for PFAS Treatment Facility Project",1092000,"McBath"
"508","Environmental Protection Agency","STAG—Drinking Water State Revolving Fund","GA","City of Fairburn for Water Infrastructure Upgrades",1092000,"McBath"
"509","Environmental Protection Agency","STAG—Clean Water State Revolving Fund","GA","City of East Point for Norman Berry Drive Stormwater Repairs",1092000,"McBath / Williams (GA)"
"510","Environmental Protection Agency","STAG—Drinking Water State Revolving Fund","GA","City of College Park for Lead/Galvanized Water Pipeline Replacement",1092000,"McBath / Williams (GA)"
"511","Environmental Protection Agency","STAG—Drinking Water State Revolving Fund","DE","Town of Smyrna for Well and Water Treatment Plant Project",1092000,"McBride"
"512","Environmental Protection Agency","STAG—Clean Water State Revolving Fund","TX","City of Lago Vista for Wastewater Treatment and Collection System Expansion Project",750000,"McCaul"
"513","Environmental Protection Agency","STAG—Clean Water State Revolving Fund","TX","City of Bryan for Wastewater Treatment Plant Construction",1500000,"McCaul"
"514","Environmental Protection Agency","STAG—Drinking Water State Revolving Fund","TX","City of College Station for Water and Wastewater Line Replacement Project",750000,"McCaul"
"515","Environmental Protection Agency","STAG—Clean Water State Revolving Fund","MI","City of Brown City for Sewer System Improvements",2e+06,"McClain (MI)"
"516","Environmental Protection Agency","STAG—Clean Water State Revolving Fund","MI","Village of Reese for Stormwater Mitigation Improvements",960000,"McClain (MI)"
"517","Environmental Protection Agency","STAG—Clean Water State Revolving Fund","MI","City of Bad Axe for Water Infrastructure Project",750000,"McClain (MI)"
"518","Environmental Protection Agency","STAG—Drinking Water State Revolving Fund","MI","Charter Township of Chesterfield for Water Main Replacement",2e+06,"McClain (MI)"
"519","Environmental Protection Agency","STAG—Drinking Water State Revolving Fund","MI","City of Harbor Beach for Transmission Main Improvements",2e+06,"McClain (MI)"
"520","Environmental Protection Agency","STAG—Clean Water State Revolving Fund","MI","Village of Millington for Water and Sewer Infrastructure Replacement",1e+06,"McClain (MI)"
"521","Environmental Protection Agency","STAG—Clean Water State Revolving Fund","MI","City of Imlay City for Lead Service Lines and Water Lines Replacement",1750000,"McClain (MI)"
"522","Environmental Protection Agency","STAG—Clean Water State Revolving Fund","MI","Charter Township of Fort Gratiot for Sewer System Upgrades",1e+06,"McClain (MI)"
"523","Environmental Protection Agency","STAG—Drinking Water State Revolving Fund","MI","City of Sandusky for Water Infrastructure Improvements",925000,"McClain (MI)"
"524","Environmental Protection Agency","STAG—Clean Water State Revolving Fund","MI","Oakland County for Sanitary Sewer Extension Project",750000,"McClain (MI)"
"525","Environmental Protection Agency","STAG—Clean Water State Revolving Fund","MI","St. Clair Township for Sanitary Pump Station Rehabilitation",1220000,"McClain (MI)"
"526","Environmental Protection Agency","STAG—Drinking Water State Revolving Fund","MI","Charter Township of Independence for Water Main Extension",1e+06,"McClain (MI)"
"527","Environmental Protection Agency","STAG—Clean Water State Revolving Fund","MD","Town of Oakland for Water System Improvements Project",1092000,"McClain Delaney"
"528","Environmental Protection Agency","STAG—Clean Water State Revolving Fund","VA","Charles City County for Sewer Collection System Modernization Project",1092000,"McClellan"
"529","Environmental Protection Agency","STAG—Clean Water State Revolving Fund","VA","City of Hopewell for Hopewell Heretick Avenue Stormwater Project",1092000,"McClellan"
"530","Environmental Protection Agency","STAG—Clean Water State Revolving Fund","VA","City of Petersburg for Poor Creek Rehabilitation",1092000,"McClellan"
"531","Environmental Protection Agency","STAG—Clean Water State Revolving Fund","VA","Surry County for Wastewater Improvements Phase 2",1092000,"McClellan"
"532","Environmental Protection Agency","STAG—Clean Water State Revolving Fund","VA","Town of Lawrenceville for Wastewater Treatment Facility Expansion Project",1092000,"McClellan"
"533","Environmental Protection Agency","STAG—Drinking Water State Revolving Fund","VA","City of Colonial Heights for Waterline Replacement Project",1092000,"McClellan"
"534","Environmental Protection Agency","STAG—Drinking Water State Revolving Fund","VA","Henrico County for White Oak Water System Extensions",1092000,"McClellan"
"535","Environmental Protection Agency","STAG—Drinking Water State Revolving Fund","VA","Prince George County for Beechwood Manor Asbestos Pipe Replacement",8e+05,"McClellan"
"536","Environmental Protection Agency","STAG—Drinking Water State Revolving Fund","MN","City of Gem Lake for Municipal Water Supply Project Phase 2",1092000,"McCollum"
"537","Environmental Protection Agency","STAG—Drinking Water State Revolving Fund","MN","City of Stillwater for PFAS Water Treatment Facility",1092000,"McCollum"
"538","Environmental Protection Agency","STAG—Drinking Water State Revolving Fund","GA","City of Roswell for Water Storage and Redundancy Project",1e+06,"McCormick"
"539","Environmental Protection Agency","STAG—Drinking Water State Revolving Fund","MI","Charter Township of Fenton for Water Line Replacement Project",1092000,"McDonald Rivet"
"540","Environmental Protection Agency","STAG—Drinking Water State Revolving Fund","MI","City of Linden for Water Distribution System Modernization",1092000,"McDonald Rivet"
"541","Environmental Protection Agency","STAG—Drinking Water State Revolving Fund","MI","City of Midland for Pump Station Emergency Power Generator Project",6e+05,"McDonald Rivet"
"542","Environmental Protection Agency","STAG—Clean Water State Revolving Fund","NC","Town of East Spencer for Water and Sewer Line Replacement Project",1250000,"McDowell"
"543","Environmental Protection Agency","STAG—Clean Water State Revolving Fund","NC","City of Greensboro for Water and Sewer Line Extension Project",1e+06,"McDowell"
"544","Environmental Protection Agency","STAG—Clean Water State Revolving Fund","KY","Louisville-Jefferson County Metropolitan Sewer District for Drainage Response Initiative",1e+06,"McGarvey"
"545","Environmental Protection Agency","STAG—Clean Water State Revolving Fund","KY","Louisville-Jefferson County Metropolitan Sewer District for Odor Mitigation and Catch Basin Rehabilitation",1092000,"McGarvey"
"546","Environmental Protection Agency","STAG—Drinking Water State Revolving Fund","KY","Louisville Water Company for Lead Service Line Replacement",1092000,"McGarvey"
"547","Environmental Protection Agency","STAG—Clean Water State Revolving Fund","MA","Town of Holliston for Downtown Sewer District Project",1092000,"McGovern"
"548","Environmental Protection Agency","STAG—Drinking Water State Revolving Fund","MA","Leicester Water Supply District for Interconnection Project",950000,"McGovern"
"549","Environmental Protection Agency","STAG—Clean Water State Revolving Fund","NJ","City of Orange Township for Water and Sewer Main Replacement",1092000,"McIver"
"550","Environmental Protection Agency","STAG—Clean Water State Revolving Fund","NJ","Township of West Orange for Pumping Station Improvement Project",1048000,"McIver"
"551","Environmental Protection Agency","STAG—Drinking Water State Revolving Fund","NJ","City of Orange Township for Drinking Water Main Relocation Project",1092000,"McIver"
"552","Environmental Protection Agency","STAG—Clean Water State Revolving Fund","NJ","North Hudson Sewerage Authority for Wastewater Treatment Plant Reconstruction",1092000,"Menendez"
"553","Environmental Protection Agency","STAG—Clean Water State Revolving Fund","NJ","Town of Guttenberg for CSO Pipe Improvement Project",1092000,"Menendez"
"554","Environmental Protection Agency","STAG—Clean Water State Revolving Fund","NJ","Township of North Bergen for Woodcliff Drainage Improvements and Sewer Rehabilitation",1092000,"Menendez"
"555","Environmental Protection Agency","STAG—Drinking Water State Revolving Fund","NJ","City of Elizabeth for Lead Service Line Replacement Project",1e+06,"Menendez"
"556","Environmental Protection Agency","STAG—Clean Water State Revolving Fund","IN","Greene County for Water and Wastewater Expansion Project",2e+06,"Messmer"
"557","Environmental Protection Agency","STAG—Drinking Water State Revolving Fund","PA","Williamsport Municipal Water Authority for Transmission Water Line Replacement Project",1e+06,"Meuser"
"558","Environmental Protection Agency","STAG—Clean Water State Revolving Fund","OH","Cuyahoga County for Sewer Improvement Project",1250000,"Miller (OH)"
"559","Environmental Protection Agency","STAG—Clean Water State Revolving Fund","OH","City of Parma for Sewer Improvements",1e+06,"Miller (OH)"
"560","Environmental Protection Agency","STAG—Drinking Water State Revolving Fund","WV","Town of West Hamlin for Water Treatment Plant Upgrades",1e+06,"Miller (WV)"
"561","Environmental Protection Agency","STAG—Clean Water State Revolving Fund","WV","Buffalo Creek Public Service District for Water Treatment Plant Upgrade and Expansion",1e+06,"Miller (WV)"
"562","Environmental Protection Agency","STAG—Clean Water State Revolving Fund","WV","City of Welch for Combined Sewer Overflow Removal Project",750000,"Miller (WV)"
"563","Environmental Protection Agency","STAG—Clean Water State Revolving Fund","WV","Boone County Public Service District for Water Improvement Project",750000,"Miller (WV)"
"564","Environmental Protection Agency","STAG—Drinking Water State Revolving Fund","WV","City of Lewisburg for Water Main Replacements",750000,"Miller (WV)"
"565","Environmental Protection Agency","STAG—Drinking Water State Revolving Fund","WV","Region 2 Planning and Development Council for Water Treatment Plant",750000,"Miller (WV)"
"566","Environmental Protection Agency","STAG—Clean Water State Revolving Fund","WV","North Beckley Public Service District for Wastewater Treatment Plant Improvements",750000,"Miller (WV)"
"567","Environmental Protection Agency","STAG—Drinking Water State Revolving Fund","WV","Webster County for Water Line Extension",750000,"Miller (WV)"
"568","Environmental Protection Agency","STAG—Clean Water State Revolving Fund","IA","City of Knoxville for Sanitary and Storm Sewer Project",750000,"Miller-Meeks"
"569","Environmental Protection Agency","STAG—Clean Water State Revolving Fund","IA","City of Muscatine for Force Main Project",2e+06,"Miller-Meeks"
"570","Environmental Protection Agency","STAG—Clean Water State Revolving Fund","FL","Seminole County for Septic-to-Sewer Project",1250000,"Mills"
"571","Environmental Protection Agency","STAG—Clean Water State Revolving Fund","FL","City of Oviedo for the Restoration of Sweetwater Creek",1280000,"Mills"
"572","Environmental Protection Agency","STAG—Drinking Water State Revolving Fund","FL","City of Winter Springs for Mt. Greenwood Water Main Replacement",1e+06,"Mills"
"573","Environmental Protection Agency","STAG—Clean Water State Revolving Fund","FL","City of Winter Springs for Winter Springs Village Reclaimed Water Main Extension",640000,"Mills"
"574","Environmental Protection Agency","STAG—Drinking Water State Revolving Fund","FL","City of Lake Helen for Watermains Replacement Project",750000,"Mills"
"575","Environmental Protection Agency","STAG—Clean Water State Revolving Fund","CA","City of Seal Beach for San Gabriel River Water Quality Improvement Project",1e+06,"Min"
"576","Environmental Protection Agency","STAG—Clean Water State Revolving Fund","CA","City of Seal Beach for Stormwater Infrastructure Project",1092000,"Min"
"577","Environmental Protection Agency","STAG—Drinking Water State Revolving Fund","MI","The Charter Township of Caledonia for Water Trunkline Water System Project",2e+06,"Moolenaar"
"578","Environmental Protection Agency","STAG—Clean Water State Revolving Fund","MI","Lake Mitchell Sewer Authority for Sewer Pump Improvement Project",1500000,"Moolenaar"
"579","Environmental Protection Agency","STAG—Drinking Water State Revolving Fund","MI","City of Cadillac for Water Distribution Project",1460000,"Moolenaar"
"580","Environmental Protection Agency","STAG—Drinking Water State Revolving Fund","MI","City of Lowell for Water Treatment Plant Expansion Project",1250000,"Moolenaar"
"581","Environmental Protection Agency","STAG—Drinking Water State Revolving Fund","AL","City of Samson for Well Construction",1840000,"Moore (AL)"
"582","Environmental Protection Agency","STAG—Drinking Water State Revolving Fund","AL","City of Loxley for Water System Improvement Project",750000,"Moore (AL)"
"583","Environmental Protection Agency","STAG—Clean Water State Revolving Fund","NC","City of Gastonia for Regional Sewer Project",2e+06,"Moore (NC)"
"584","Environmental Protection Agency","STAG—Drinking Water State Revolving Fund","NC","Town of Dallas for High Shoals/Dallas Water Interconnect Project",1250000,"Moore (NC)"
"585","Environmental Protection Agency","STAG—Clean Water State Revolving Fund","NC","City of Gastonia for Sewer Pump Station Project Phase I",825000,"Moore (NC)"
"586","Environmental Protection Agency","STAG—Clean Water State Revolving Fund","UT","City of Clinton for Sewer Improvements and Expansion",2750000,"Moore (UT)"
"587","Environmental Protection Agency","STAG—Drinking Water State Revolving Fund","UT","Bear River Water Conservancy District for Water Infrastructure Improvement Project",2e+06,"Moore (UT)"
"588","Environmental Protection Agency","STAG—Drinking Water State Revolving Fund","UT","Weber Basin Water Conservancy District for Water Distribution Improvement Project",1160692,"Moore (UT)"
"589","Environmental Protection Agency","STAG—Clean Water State Revolving Fund","UT","City of Logan for Water Reclamation Facility Project",1750000,"Moore (UT)"
"590","Environmental Protection Agency","STAG—Drinking Water State Revolving Fund","WV","Clarksburg Water Board for Lead Line Replacement and Water Distribution System Improvements",2250000,"Moore (WV)"
"591","Environmental Protection Agency","STAG—Clean Water State Revolving Fund","WV","Tucker County Commission for Regional Sewer System Project",1500000,"Moore (WV)"
"592","Environmental Protection Agency","STAG—Clean Water State Revolving Fund","WV","City of Weston for Sewer Extension and Improvement Project",1500000,"Moore (WV)"
"593","Environmental Protection Agency","STAG—Drinking Water State Revolving Fund","WV","City of Pennsboro for Waterline Extension Project",1e+06,"Moore (WV)"
"594","Environmental Protection Agency","STAG—Clean Water State Revolving Fund","NY","Monroe County for Northwest Quadrant Water Resource Recovery Facility",1092000,"Morelle"
"595","Environmental Protection Agency","STAG—Clean Water State Revolving Fund","NY","Town of Victor for County Road 9 Force Main Replacement",1002944,"Morelle"
"596","Environmental Protection Agency","STAG—Clean Water State Revolving Fund","NY","Village of Brockport for Sanitary Sewer System Upgrade",1092000,"Morelle"
"597","Environmental Protection Agency","STAG—Drinking Water State Revolving Fund","NY","Monroe County Water Authority for System-wide Cybersecurity Modernization and Resiliency",1092000,"Morelle"
"598","Environmental Protection Agency","STAG—Drinking Water State Revolving Fund","MN","City of Bloomington for Booster Station Pump Replacement",1092000,"Morrison"
"599","Environmental Protection Agency","STAG—Drinking Water State Revolving Fund","MN","City of Minnetrista for Manganese Mitigation Project",1092000,"Morrison"
"600","Environmental Protection Agency","STAG—Drinking Water State Revolving Fund","MN","City of Mound for Water Treatment Plant Manganese Removal Project",1092000,"Morrison"
"601","Environmental Protection Agency","STAG—Clean Water State Revolving Fund","FL","City of Deerfield Beach for Martin Luther King Jr. Avenue Stormwater Project",1092000,"Moskowitz"
"602","Environmental Protection Agency","STAG—Drinking Water State Revolving Fund","FL","City of Coral Springs for Water Treatment Plant Upgrade",1092000,"Moskowitz"
"603","Environmental Protection Agency","STAG—Clean Water State Revolving Fund","MA","City of Gloucester for Pump Station Upgrades",1092000,"Moulton"
"604","Environmental Protection Agency","STAG—Clean Water State Revolving Fund","MA","Town of Marblehead for Sewer Infiltration and Inflow Reduction",807000,"Moulton"
"605","Environmental Protection Agency","STAG—Clean Water State Revolving Fund","MA","Town of Merrimac for Wastewater Treatment Plant Upgrades",1092000,"Moulton"
"606","Environmental Protection Agency","STAG—Clean Water State Revolving Fund","MA","Town of Nahant for Wastewater Infrastructure Upgrades",1092000,"Moulton"
"607","Environmental Protection Agency","STAG—Drinking Water State Revolving Fund","MA","City of Newburyport for PFAS Water Filtration System",1092000,"Moulton"
"608","Environmental Protection Agency","STAG—Drinking Water State Revolving Fund","MA","Town of Essex for Drinking Water System Improvements",1092000,"Moulton"
"609","Environmental Protection Agency","STAG—Drinking Water State Revolving Fund","MA","Town of Hamilton for Hamilton-Wenham Regional Drinking Water Connection",1092000,"Moulton"
"610","Environmental Protection Agency","STAG—Drinking Water State Revolving Fund","MA","Town of Ipswich for Drinking Water Infrastructure Upgrades",1092000,"Moulton"
"611","Environmental Protection Agency","STAG—Drinking Water State Revolving Fund","MA","Town of Middleton for PFAS Mitigation Project",1092000,"Moulton"
"612","Environmental Protection Agency","STAG—Drinking Water State Revolving Fund","MA","Town of Topsfield for Water Main Replacement",1092000,"Moulton"
"613","Environmental Protection Agency","STAG—Clean Water State Revolving Fund","CA","City of Daly City for Vista Grande Drainage Basin Improvement Project",1092000,"Mullin"
"614","Environmental Protection Agency","STAG—Clean Water State Revolving Fund","MA","City of Chicopee for Wastewater Treatment Plant Nitrogen Reduction Project",1092000,"Neal"
"615","Environmental Protection Agency","STAG—Clean Water State Revolving Fund","MA","City of Holyoke for River Terrace CSO Area 21B Sewer Separation",8e+05,"Neal"
"616","Environmental Protection Agency","STAG—Drinking Water State Revolving Fund","MA","Town of Blandford for Water Treatment & Distribution System Upgrades",1092000,"Neal"
"617","Environmental Protection Agency","STAG—Drinking Water State Revolving Fund","MA","West Brookfield Water Department for Leland Road Water Treatment Project",1092000,"Neal"
"618","Environmental Protection Agency","STAG—Drinking Water State Revolving Fund","CO","Town of Granby for Water Infrastructure Project",1092000,"Neguse"
"619","Environmental Protection Agency","STAG—Drinking Water State Revolving Fund","WA","City of Othello for Regional Water Supply Project",1e+06,"Newhouse"
"620","Environmental Protection Agency","STAG—Drinking Water State Revolving Fund","WA","Town of Winthrop for Water Source and Distribution System Improvements",1500000,"Newhouse"
"621","Environmental Protection Agency","STAG—Drinking Water State Revolving Fund","WA","City of Oroville for Water System Improvement Project",1400000,"Newhouse"
"622","Environmental Protection Agency","STAG—Clean Water State Revolving Fund","NJ","Township of Voorhees for Las Brisas Sewer Project",1092000,"Norcross"
"623","Environmental Protection Agency","STAG—Drinking Water State Revolving Fund","NJ","Town of Maple Shade for Water Treatment Plant Replacement",1092000,"Norcross"
"624","Environmental Protection Agency","STAG—Drinking Water State Revolving Fund","NJ","Township of Winslow for W. Factory Rd Water Storage Tank Rehabilitation",880000,"Norcross"
"625","Environmental Protection Agency","STAG—Clean Water State Revolving Fund","CA","City of Adelanto for Wastewater Treatment Plant Improvements",1e+06,"Obernolte"
"626","Environmental Protection Agency","STAG—Drinking Water State Revolving Fund","CA","City of California City for Water System Replacement Project Phase II",1e+06,"Obernolte"
"627","Environmental Protection Agency","STAG—Drinking Water State Revolving Fund","CA","City of Loma Linda for SCADA System Reliability Project",750000,"Obernolte"
"628","Environmental Protection Agency","STAG—Clean Water State Revolving Fund","CA","Hi-Desert Water District for Water Reuse Projects",750000,"Obernolte"
"629","Environmental Protection Agency","STAG—Clean Water State Revolving Fund","CA","San Bernardino County for Septic-to-Sewer Project",750000,"Obernolte"
"630","Environmental Protection Agency","STAG—Clean Water State Revolving Fund","MD","Town of New Windsor for Sewer System Improvements",5e+05,"Olszewski"
"631","Environmental Protection Agency","STAG—Drinking Water State Revolving Fund","MD","City of Westminster for Advanced Water Purification System Project Phase 3",1092000,"Olszewski"
"632","Environmental Protection Agency","STAG—Clean Water State Revolving Fund","MN","City of New Hope for Sanitary Sewer Lining Project",1092000,"Omar"
"633","Environmental Protection Agency","STAG—Clean Water State Revolving Fund","MN","City of Spring Lake Park for Stormwater Resiliency Project",896000,"Omar"
"634","Environmental Protection Agency","STAG—Drinking Water State Revolving Fund","MN","City of Richfield for Emergency Water Interconnect Project",1092000,"Omar"
"635","Environmental Protection Agency","STAG—Drinking Water State Revolving Fund","UT","Granger-Hunter Improvement District for Water Main Replacement Project",1e+06,"Owens"
"636","Environmental Protection Agency","STAG—Drinking Water State Revolving Fund","UT","City of Riverton for Waterline Replacement Project",750000,"Owens"
"637","Environmental Protection Agency","STAG—Drinking Water State Revolving Fund","UT","Murray City Corporation for Drinking Water Well",750000,"Owens"
"638","Environmental Protection Agency","STAG—Drinking Water State Revolving Fund","UT","City of Bluffdale for Storage Tank Construction",750000,"Owens"
"639","Environmental Protection Agency","STAG—Clean Water State Revolving Fund","NJ","City of Asbury Park for Wastewater Treatment Plant Screenings Project",1092000,"Pallone"
"640","Environmental Protection Agency","STAG—Clean Water State Revolving Fund","NJ","City of Perth Amboy for Runyon Water Treatment Plant Improvements",1092000,"Pallone"
"641","Environmental Protection Agency","STAG—Drinking Water State Revolving Fund","NJ","Borough of Matawan for Lead Pipes Removal",1e+06,"Pallone"
"642","Environmental Protection Agency","STAG—Drinking Water State Revolving Fund","NJ","Borough of Red Bank for Lead Service Line Replacement Program",1e+06,"Pallone"
"643","Environmental Protection Agency","STAG—Clean Water State Revolving Fund","NH","City of Manchester for MS4 Drainage Improvements",1092000,"Pappas"
"644","Environmental Protection Agency","STAG—Clean Water State Revolving Fund","NH","City of Rochester for Wastewater Lagoon Desludge Phase II",1092000,"Pappas"
"645","Environmental Protection Agency","STAG—Clean Water State Revolving Fund","NH","Town of Newmarket for Sewer Reliability Improvements Project",1092000,"Pappas"
"646","Environmental Protection Agency","STAG—Clean Water State Revolving Fund","WA","City of Vancouver for Wastewater Lagoon Aeration Blower Upgrade",1092000,"Perez"
"647","Environmental Protection Agency","STAG—Clean Water State Revolving Fund","WA","Clark Regional Wastewater District for Wallace Heights Septic Elimination Project",1092000,"Perez"
"648","Environmental Protection Agency","STAG—Drinking Water State Revolving Fund","WA","City of Longview for Fill Line to Water Reservoir Project",1092000,"Perez"
"649","Environmental Protection Agency","STAG—Drinking Water State Revolving Fund","WA","City of Ridgefield for Kennedy Well Project",1092000,"Perez"
"650","Environmental Protection Agency","STAG—Clean Water State Revolving Fund","CA","City of Coronado for Stormwater Mitigation Project",1092000,"Peters"
"651","Environmental Protection Agency","STAG—Clean Water State Revolving Fund","CA","City of San Diego for Famosa Slough Alley Slope Restoration Project",1092000,"Peters"
"652","Environmental Protection Agency","STAG—Clean Water State Revolving Fund","CA","City of San Diego for Pump Station Component D Upgrade",1092000,"Peters"
"653","Environmental Protection Agency","STAG—Clean Water State Revolving Fund","CO","City of Arvada for North Trunk Wastewater Infrastructure Improvements",1092000,"Pettersen"
"654","Environmental Protection Agency","STAG—Clean Water State Revolving Fund","CO","Teller County for Wastewater Expansion Project",1092000,"Pettersen"
"655","Environmental Protection Agency","STAG—Clean Water State Revolving Fund","CO","Town of Alma for Wastewater Treatment Plant Improvements",1092000,"Pettersen"
"656","Environmental Protection Agency","STAG—Clean Water State Revolving Fund","TX","City of Eden for Pump Station Replacement",3e+05,"Pfluger"
"657","Environmental Protection Agency","STAG—Clean Water State Revolving Fund","ME","Clinton Water District for Railroad and Church Streets Utility Upgrades",1093276,"Pingree"
"658","Environmental Protection Agency","STAG—Clean Water State Revolving Fund","ME","North Berwick Sanitary District for Wastewater Treatment Facility and Pumping Stations Reliability Upgrades",1093276,"Pingree"
"659","Environmental Protection Agency","STAG—Clean Water State Revolving Fund","ME","South Berwick Sewer District for Wastewater Treatment Facility Resiliency Reliability and Nutrient Removal Optimization Upgrades",1093276,"Pingree"
"660","Environmental Protection Agency","STAG—Clean Water State Revolving Fund","ME","Town of North Haven for Wastewater Treatment Upgrades",1093276,"Pingree"
"661","Environmental Protection Agency","STAG—Clean Water State Revolving Fund","ME","Town of Windham for Regional School Unit 14 Campus Wastewater Conveyance Project",1e+06,"Pingree"
"662","Environmental Protection Agency","STAG—Drinking Water State Revolving Fund","WI","City of Mineral Point for Lead Service Line Replacement",1e+06,"Pocan"
"663","Environmental Protection Agency","STAG—Clean Water State Revolving Fund","NJ","Borough of Cliffside Park for Stormwater System Improvement Project",1092000,"Pou"
"664","Environmental Protection Agency","STAG—Clean Water State Revolving Fund","NJ","Borough of Edgewater for Stormwater Infrastructure Improvements Project",1092000,"Pou"
"665","Environmental Protection Agency","STAG—Clean Water State Revolving Fund","NJ","Borough of Hawthorne for Wastewater Management Project",1092000,"Pou"
"666","Environmental Protection Agency","STAG—Drinking Water State Revolving Fund","MA","City of Cambridge for Water Ozone Generators Replacement Project",1092000,"Pressley"
"667","Environmental Protection Agency","STAG—Drinking Water State Revolving Fund","MA","Town of Randolph for Water Standpipe Replacement",1092000,"Pressley"
"668","Environmental Protection Agency","STAG—Clean Water State Revolving Fund","IL","Chicago Department of Transportation for Graceland West Green Alleys",1092000,"Quigley"
"669","Environmental Protection Agency","STAG—Clean Water State Revolving Fund","IL","Village of Barrington for Wastewater Treatment Plant Upgrade Project",1092000,"Quigley"
"670","Environmental Protection Agency","STAG—Drinking Water State Revolving Fund","IL","Village of Arlington Heights for Lead Service Line Replacement Project",1092000,"Quigley"
"671","Environmental Protection Agency","STAG—Clean Water State Revolving Fund","IL","DuPage County for 3rd Avenue Storm Water Management Project",1092000,"Ramirez"
"672","Environmental Protection Agency","STAG—Clean Water State Revolving Fund","WA","Kitsap County for Wastewater Treatment Plant Upgrade",1092000,"Randall"
"673","Environmental Protection Agency","STAG—Clean Water State Revolving Fund","MD","City of Rockville for Orangeburg Lateral Replacement Project",1092000,"Raskin"
"674","Environmental Protection Agency","STAG—Clean Water State Revolving Fund","MD","City of Rockville for Wastewater Collection System Rehabilitation",1092000,"Raskin"
"675","Environmental Protection Agency","STAG—Clean Water State Revolving Fund","MD","Washington Suburban Sanitary Commission for Sewer Rehabilitation in Montgomery County Project",1092000,"Raskin"
"676","Environmental Protection Agency","STAG—Drinking Water State Revolving Fund","MD","City of Rockville for Lead Service Line Inventory Investigation",5e+05,"Raskin"
"677","Environmental Protection Agency","STAG—Drinking Water State Revolving Fund","PA","Municipal Authority of Westmoreland County for Transmission Line Replacement",2250000,"Reschenthaler"
"678","Environmental Protection Agency","STAG—Clean Water State Revolving Fund","PA","Ohiopyle Borough for Sewage Treatment Plant Expansion",937000,"Reschenthaler"
"679","Environmental Protection Agency","STAG—Drinking Water State Revolving Fund","PA","North Fayette County Municipal Authority for Water Main Replacement Project",1750000,"Reschenthaler"
"680","Environmental Protection Agency","STAG—Drinking Water State Revolving Fund","PA","Greene County for Water Line Expansion",2250000,"Reschenthaler"
"681","Environmental Protection Agency","STAG—Clean Water State Revolving Fund","NY","Village of Bloomingburg for Wastewater Treatment Plant & Pump Station Upgrades",1092000,"Riley"
"682","Environmental Protection Agency","STAG—Clean Water State Revolving Fund","AL","City of Pell City for Wastewater Treatment Plant Project",1e+06,"Rogers (AL)"
"683","Environmental Protection Agency","STAG—Drinking Water State Revolving Fund","AL","Coosa Valley Water Supply District for Water Supply Expansion",1e+06,"Rogers (AL)"
"684","Environmental Protection Agency","STAG—Clean Water State Revolving Fund","AL","City of Attalla for Sanitary Sewer Improvement Project",750000,"Rogers (AL)"
"685","Environmental Protection Agency","STAG—Clean Water State Revolving Fund","AL","City of Auburn for Sewer Expansion Project",750000,"Rogers (AL)"
"686","Environmental Protection Agency","STAG—Clean Water State Revolving Fund","NC","City of Raleigh for Rocky Branch Tributary Enhancement Project",1092000,"Ross"
"687","Environmental Protection Agency","STAG—Clean Water State Revolving Fund","NC","Town of Cary for Walnut Creek Stabilization and Restoration Project",1092000,"Ross"
"688","Environmental Protection Agency","STAG—Clean Water State Revolving Fund","NC","Town of White Lake for Sewer Improvements",2e+06,"Rouzer"
"689","Environmental Protection Agency","STAG—Drinking Water State Revolving Fund","NC","Columbus County for Water System Improvements",2e+06,"Rouzer"
"690","Environmental Protection Agency","STAG—Drinking Water State Revolving Fund","NC","Brunswick County Public Utilities for Water Line Extension",1e+06,"Rouzer"
"691","Environmental Protection Agency","STAG—Clean Water State Revolving Fund","NC","Lower Cape Fear Water and Sewer Authority for Raw Water Pump Station",750000,"Rouzer"
"692","Environmental Protection Agency","STAG—Drinking Water State Revolving Fund","NC","Cape Fear Public Utility Authority for Raw Water Transmission Main Extension",750000,"Rouzer"
"693","Environmental Protection Agency","STAG—Clean Water State Revolving Fund","CA","Coachella Valley Water District for North Cathedral City Regional Stormwater Project",1092000,"Ruiz"
"694","Environmental Protection Agency","STAG—Drinking Water State Revolving Fund","OH","Village of Wellsville for Storage Tank Replacement",750000,"Rulli"
"695","Environmental Protection Agency","STAG—Clean Water State Revolving Fund","OH","City of Struthers for Water Infrastructure Facility Upgrades",8e+05,"Rulli"
"696","Environmental Protection Agency","STAG—Clean Water State Revolving Fund","OH","City of Dover for Sanitary Sewer Upgrades",6e+05,"Rulli"
"697","Environmental Protection Agency","STAG—Drinking Water State Revolving Fund","OH","Village of Scio for Waterline Replacement Project",5e+05,"Rulli"
"698","Environmental Protection Agency","STAG—Clean Water State Revolving Fund","FL","City of St. Augustine Beach for Stormwater System and Outfall Resiliency Project",8e+05,"Rutherford"
"699","Environmental Protection Agency","STAG—Clean Water State Revolving Fund","NY","Town of Cornwall for Shore Road Sewer Treatment Plant Phase 2",1092000,"Ryan"
"700","Environmental Protection Agency","STAG—Clean Water State Revolving Fund","NY","Town of New Paltz for Ohioville Sewer District #6 Sewer Treatment Plant Regionalization",1092000,"Ryan"
"701","Environmental Protection Agency","STAG—Drinking Water State Revolving Fund","NY","City of Middletown for Raw Water Line Replacement Phase 2",1092000,"Ryan"
"702","Environmental Protection Agency","STAG—Drinking Water State Revolving Fund","NY","Village of Kiryas Joel for Water Treatment Facility Construction Project",1092000,"Ryan"
"703","Environmental Protection Agency","STAG—Clean Water State Revolving Fund","FL","Village of Pinecrest for Storm Drainage Improvements",750000,"Salazar"
"704","Environmental Protection Agency","STAG—Clean Water State Revolving Fund","FL","Village of Key Biscayne for Stormwater System Upgrade",2e+06,"Salazar"
"705","Environmental Protection Agency","STAG—Clean Water State Revolving Fund","FL","Town of Cutler Bay for Drainage System Improvements",1e+06,"Salazar"
"706","Environmental Protection Agency","STAG—Clean Water State Revolving Fund","FL","City of South Miami for Septic-to-Sewer Project",1e+06,"Salazar"
"707","Environmental Protection Agency","STAG—Clean Water State Revolving Fund","OR","City of Dallas for LaCreole Node Sewer Project",1e+06,"Salinas"
"708","Environmental Protection Agency","STAG—Drinking Water State Revolving Fund","OR","City of Newberg for Newberg Water Plant Covering Project",750000,"Salinas"
"709","Environmental Protection Agency","STAG—Drinking Water State Revolving Fund","CA","City of La Habra for Foothill Zone Consolidation Water Project",1092000,"Sanchez"
"710","Environmental Protection Agency","STAG—Clean Water State Revolving Fund","IL","Village of Algonquin for Sanitary Sewer Improvement Project",1092000,"Schakowsky"
"711","Environmental Protection Agency","STAG—Clean Water State Revolving Fund","IL","Village of Buffalo Grove for Mill Creek Subdivision Utility Resiliency Project",1092000,"Schakowsky"
"712","Environmental Protection Agency","STAG—Clean Water State Revolving Fund","IL","Village of Skokie for Storm Water Infrastructure Enhancement Project",1092000,"Schakowsky"
"713","Environmental Protection Agency","STAG—Drinking Water State Revolving Fund","IL","Lake County Public Works for Water System Improvements",1092000,"Schakowsky"
"714","Environmental Protection Agency","STAG—Drinking Water State Revolving Fund","IL","Village of Cary for Water System Resiliency and PFAS Mitigation Improvements Project",1092000,"Schakowsky"
"715","Environmental Protection Agency","STAG—Drinking Water State Revolving Fund","IL","Village of Morton Grove for Lead Service Line Replacement Project",1092000,"Schakowsky"
"716","Environmental Protection Agency","STAG—Drinking Water State Revolving Fund","KS","Leavenworth Waterworks for Water Treatment Plant Project",1250000,"Schmidt"
"717","Environmental Protection Agency","STAG—Drinking Water State Revolving Fund","KS","City of Caney for Water Distribution System Improvements",1500000,"Schmidt"
"718","Environmental Protection Agency","STAG—Clean Water State Revolving Fund","IL","Lake County Public Works for Antioch Township Sanitary Sewer Improvements",1092000,"Schneider"
"719","Environmental Protection Agency","STAG—Clean Water State Revolving Fund","IL","Village of Fox Lake for Northwest Regional Water Reclamation Facility Upgrades",1092000,"Schneider"
"720","Environmental Protection Agency","STAG—Clean Water State Revolving Fund","IL","Village of Spring Grove for Wastewater Treatment Plant Construction",1092000,"Schneider"
"721","Environmental Protection Agency","STAG—Clean Water State Revolving Fund","IL","Village of Vernon Hills for Sediment Pollution Control Project",1092000,"Schneider"
"722","Environmental Protection Agency","STAG—Drinking Water State Revolving Fund","IL","City of Highland Park for George B Prindle Water Treatment Plant Intake Improvements",1092000,"Schneider"
"723","Environmental Protection Agency","STAG—Drinking Water State Revolving Fund","IL","City of North Chicago for Lead Service Line Replacements",1092000,"Schneider"
"724","Environmental Protection Agency","STAG—Drinking Water State Revolving Fund","IL","Village of Wilmette for Lead Service Line Replacement Project",1092000,"Schneider"
"725","Environmental Protection Agency","STAG—Clean Water State Revolving Fund","MI","City of Grand Haven for Harbor Island Drinking Water Treatment Remediation",1092000,"Scholten"
"726","Environmental Protection Agency","STAG—Clean Water State Revolving Fund","MI","City of Grand Rapids for Water Resource Recovery Facility UV Disinfection Upgrade Project",1092000,"Scholten"
"727","Environmental Protection Agency","STAG—Clean Water State Revolving Fund","WA","Town of Carbonado for Wastewater Treatment Plant Relocation Project",1092000,"Schrier"
"728","Environmental Protection Agency","STAG—Drinking Water State Revolving Fund","WA","Covington Water District for Reservoir Construction Project",1092000,"Schrier"
"729","Environmental Protection Agency","STAG—Drinking Water State Revolving Fund","GA","City of Oxford for Water Main Replacement Project",1092000,"Scott (GA)"
"730","Environmental Protection Agency","STAG—Drinking Water State Revolving Fund","GA","Gwinnett County for Walton Court Booster Station Project",1092000,"Scott (GA)"
"731","Environmental Protection Agency","STAG—Drinking Water State Revolving Fund","GA","Newton County for Transmission Main Replacement Project",1092000,"Scott (GA)"
"732","Environmental Protection Agency","STAG—Clean Water State Revolving Fund","TX","City of Waco for Flat Creek Water Reuse Project",1e+06,"Sessions"
"733","Environmental Protection Agency","STAG—Clean Water State Revolving Fund","TX","City of Nacogdoches for Storm Drainage Improvements",1e+06,"Sessions"
"734","Environmental Protection Agency","STAG—Drinking Water State Revolving Fund","TX","City of Woodway for Drinking Water System Upgrades",750000,"Sessions"
"735","Environmental Protection Agency","STAG—Clean Water State Revolving Fund","TX","City of Huntsville for Wastewater Treatment Plant Upgrades",750000,"Sessions"
"736","Environmental Protection Agency","STAG—Drinking Water State Revolving Fund","TX","City of Pflugerville for Pump Station and Storage Tank Project",750000,"Sessions"
"737","Environmental Protection Agency","STAG—Clean Water State Revolving Fund","NJ","Town of Millburn for Gilbert Place Stormwater Pump Station",1092000,"Sherrill"
"738","Environmental Protection Agency","STAG—Clean Water State Revolving Fund","NJ","Township of Little Falls for Peckman Riverbank Stabilization Project",1092000,"Sherrill"
"739","Environmental Protection Agency","STAG—Clean Water State Revolving Fund","NJ","Township of Pequannock for Pump Station Project",1092000,"Sherrill"
"740","Environmental Protection Agency","STAG—Drinking Water State Revolving Fund","NJ","Township of Montville for PFAS Treatment Implementation Project",1092000,"Sherrill"
"741","Environmental Protection Agency","STAG—Drinking Water State Revolving Fund","NJ","Town of Dover for Lead Service Line Replacements",1092000,"Sherrill"
"742","Environmental Protection Agency","STAG—Drinking Water State Revolving Fund","NJ","Township of Nutley for Booster Pump Station Enhancement",5e+05,"Sherrill"
"743","Environmental Protection Agency","STAG—Drinking Water State Revolving Fund","IN","Town of Glenwood for Water Line Project",1250000,"Shreve"
"744","Environmental Protection Agency","STAG—Drinking Water State Revolving Fund","IN","Town of Dublin for Water Treatment Plant Project",1250000,"Shreve"
"745","Environmental Protection Agency","STAG—Clean Water State Revolving Fund","CA","City of San Leandro for Water Infrastructure Improvement Project",1092000,"Simon"
"746","Environmental Protection Agency","STAG—Clean Water State Revolving Fund","CA","East Bay Regional Park District for Martin Luther King Jr. Regional Shoreline Water Quality Improvement Project",1092000,"Simon"
"747","Environmental Protection Agency","STAG—Drinking Water State Revolving Fund","ID","Shoshone-Bannock Tribes for Water Tank Replacement",4e+06,"Simpson"
"748","Environmental Protection Agency","STAG—Drinking Water State Revolving Fund","ID","City of Rigby for Drinking Water Improvement Project",2500000,"Simpson"
"749","Environmental Protection Agency","STAG—Drinking Water State Revolving Fund","ID","City of Bellevue for Drinking Water Improvements Project",4e+06,"Simpson"
"750","Environmental Protection Agency","STAG—Drinking Water State Revolving Fund","ID","City of American Falls for Water Improvement Project",2500000,"Simpson"
"751","Environmental Protection Agency","STAG—Drinking Water State Revolving Fund","NE","Village of Ohiowa for Well Replacement",344000,"Smith (NE)"
"752","Environmental Protection Agency","STAG—Clean Water State Revolving Fund","NE","Village of Ewing for Water Management Improvements",716000,"Smith (NE)"
"753","Environmental Protection Agency","STAG—Drinking Water State Revolving Fund","NJ","Township of Manchester for Water Supply and Treatment Project",1750000,"Smith (NJ)"
"754","Environmental Protection Agency","STAG—Clean Water State Revolving Fund","NJ","Ocean County Utility Authority for Pump Station Improvements",2e+06,"Smith (NJ)"
"755","Environmental Protection Agency","STAG—Clean Water State Revolving Fund","NJ","Borough of Belmar Environmental Commission for Stormwater Quality Improvement Project",1e+06,"Smith (NJ)"
"756","Environmental Protection Agency","STAG—Clean Water State Revolving Fund","WA","City of Renton for Kennydale Lakeline Sanitary Sewer and Water Quality Preservation Project",1092000,"Smith (WA)"
"757","Environmental Protection Agency","STAG—Drinking Water State Revolving Fund","WA","King County Water District 54 for Water Treatment Modernization",1092000,"Smith (WA)"
"758","Environmental Protection Agency","STAG—Clean Water State Revolving Fund","IL","City of Bloomington for East Street Basin Stormwater Improvements",1092000,"Sorensen"
"759","Environmental Protection Agency","STAG—Clean Water State Revolving Fund","IL","City of Elmwood for Wastewater Lagoon Upgrades",1e+06,"Sorensen"
"760","Environmental Protection Agency","STAG—Clean Water State Revolving Fund","IL","City of Macomb for Storm Sewer Upgrades",1092000,"Sorensen"
"761","Environmental Protection Agency","STAG—Clean Water State Revolving Fund","IL","City of Rock Island for Mill Street Wastewater Treatment Plant Maintenance Project",1092000,"Sorensen"
"762","Environmental Protection Agency","STAG—Clean Water State Revolving Fund","IL","City of Silvis for 3rd and 7th Street Sewer Replacement Project",1092000,"Sorensen"
"763","Environmental Protection Agency","STAG—Clean Water State Revolving Fund","IL","Village of Maquon for Wastewater Plant Improvements",720000,"Sorensen"
"764","Environmental Protection Agency","STAG—Drinking Water State Revolving Fund","IL","City of Freeport for Water Main Replacement Project",1092000,"Sorensen"
"765","Environmental Protection Agency","STAG—Drinking Water State Revolving Fund","IL","Village of Coal Valley for Water Main Extension and Well #4 Water Tower Construction Project",1092000,"Sorensen"
"766","Environmental Protection Agency","STAG—Clean Water State Revolving Fund","NM","Village of Corrales for Wastewater Main Project",1092000,"Stansbury"
"767","Environmental Protection Agency","STAG—Drinking Water State Revolving Fund","NM","City of Santa Rosa for Wastewater Rehabilitation Project",1092000,"Stansbury"
"768","Environmental Protection Agency","STAG—Drinking Water State Revolving Fund","NM","Town of Bernalillo for Wastewater Treatment Plant Project",1092000,"Stansbury"
"769","Environmental Protection Agency","STAG—Clean Water State Revolving Fund","AZ","City of Mesa for Sewer Pipe Inspection and Replacement",1092000,"Stanton"
"770","Environmental Protection Agency","STAG—Clean Water State Revolving Fund","AZ","City of Mesa for Vault Meter Rehabilitation Project",592000,"Stanton"
"771","Environmental Protection Agency","STAG—Clean Water State Revolving Fund","AZ","City of Tempe for Kyrene Recharge Well Pipelines Project",1092000,"Stanton"
"772","Environmental Protection Agency","STAG—Drinking Water State Revolving Fund","AZ","City of Chandler for New Wells Project",1e+06,"Stanton"
"773","Environmental Protection Agency","STAG—Drinking Water State Revolving Fund","MN","City of Duluth for Water Treatment Plant Rehabilitation",1750000,"Stauber"
"774","Environmental Protection Agency","STAG—Drinking Water State Revolving Fund","MN","City of Ely for Water System Improvements",2e+06,"Stauber"
"775","Environmental Protection Agency","STAG—Drinking Water State Revolving Fund","MN","City of Nashwauk for Water Infrastructure Improvement Project",1061000,"Stauber"
"776","Environmental Protection Agency","STAG—Drinking Water State Revolving Fund","MN","Hibbing Public Utilities Commission for Water Main Replacement and Treatment Plant Upgrade",1e+06,"Stauber"
"777","Environmental Protection Agency","STAG—Clean Water State Revolving Fund","MN","City of Kettle River for Water and Wastewater Improvements Project",1e+06,"Stauber"
"778","Environmental Protection Agency","STAG—Clean Water State Revolving Fund","MN","City of Cook for Wastewater Treatment System Improvements",330000,"Stauber"
"779","Environmental Protection Agency","STAG—Clean Water State Revolving Fund","MN","Northern Township for Wastewater Project",750000,"Stauber"
"780","Environmental Protection Agency","STAG—Clean Water State Revolving Fund","MN","City of Coleraine for Water and Sewer System Upgrades",750000,"Stauber"
"781","Environmental Protection Agency","STAG—Clean Water State Revolving Fund","MN","City of Keewatin for Water and Sewer Improvement Project",750000,"Stauber"
"782","Environmental Protection Agency","STAG—Clean Water State Revolving Fund","MN","City of Pine City for Wastewater Treatment System Upgrade",750000,"Stauber"
"783","Environmental Protection Agency","STAG—Drinking Water State Revolving Fund","MN","City of Mountain Iron for Water Main Loop Project",750000,"Stauber"
"784","Environmental Protection Agency","STAG—Clean Water State Revolving Fund","NY","Town of Richmondville for Wastewater Treatment Rehabilitation",1e+06,"Stefanik"
"785","Environmental Protection Agency","STAG—Drinking Water State Revolving Fund","NY","Town of Lake Luzerne for Water Storage Tank Rehabilitation",1784000,"Stefanik"
"786","Environmental Protection Agency","STAG—Clean Water State Revolving Fund","NY","Village of Evans Mills for Wastewater Treatment Replacement",2e+06,"Stefanik"
"787","Environmental Protection Agency","STAG—Drinking Water State Revolving Fund","NY","Village of Broadalbin for Storage Tank Replacement",2e+06,"Stefanik"
"788","Environmental Protection Agency","STAG—Drinking Water State Revolving Fund","NY","Village of Port Leyden for Water Distribution System Improvements",2e+06,"Stefanik"
"789","Environmental Protection Agency","STAG—Drinking Water State Revolving Fund","NY","Village of Hudson Falls for Water Main Replacement",2e+06,"Stefanik"
"790","Environmental Protection Agency","STAG—Clean Water State Revolving Fund","NY","Town of Herkimer for Wastewater System Upgrades",1594064,"Stefanik"
"791","Environmental Protection Agency","STAG—Clean Water State Revolving Fund","FL","Town of Longboat Key for Raw Wastewater Transmission Pipeline Project",1e+06,"Steube"
"792","Environmental Protection Agency","STAG—Clean Water State Revolving Fund","FL","Easterseals Southwest Florida for Stormwater Project",750000,"Steube"
"793","Environmental Protection Agency","STAG—Clean Water State Revolving Fund","MI","City of Auburn Hills for Stormwater Infrastructure",723200,"Stevens"
"794","Environmental Protection Agency","STAG—Clean Water State Revolving Fund","MI","City of Farmington for Community Sanitary System Improvements",1092000,"Stevens"
"795","Environmental Protection Agency","STAG—Drinking Water State Revolving Fund","MI","City of Berkley for Lead Water Service Line Replacements",1092000,"Stevens"
"796","Environmental Protection Agency","STAG—Drinking Water State Revolving Fund","MI","City of Ferndale for Lead Service Line Verifications",4e+05,"Stevens"
"797","Environmental Protection Agency","STAG—Drinking Water State Revolving Fund","AL","Town of Rogersville for Elevated Water Storage Tank",1500000,"Strong"
"798","Environmental Protection Agency","STAG—Drinking Water State Revolving Fund","IN","Huntington City Water Utility for Water Main Replacements",1474360,"Stutzman"
"799","Environmental Protection Agency","STAG—Drinking Water State Revolving Fund","IN","Fort Wayne City Utilities for Water and Stormwater Improvement Project Phase I",2e+06,"Stutzman"
"800","Environmental Protection Agency","STAG—Clean Water State Revolving Fund","VA","Upper Occoquan Service Authority for Wastewater Facility Improvement Project",1092000,"Subramanyam"
"801","Environmental Protection Agency","STAG—Drinking Water State Revolving Fund","VA","Town of Hamilton for Well 15 Development Project",650000,"Subramanyam"
"802","Environmental Protection Agency","STAG—Drinking Water State Revolving Fund","VA","Town of Lovettsville for Water Tower Installation Project",1092000,"Subramanyam"
"803","Environmental Protection Agency","STAG—Clean Water State Revolving Fund","NY","Hicksville Water District for AOP Treatment at Plant No. 11",1092000,"Suozzi"
"804","Environmental Protection Agency","STAG—Clean Water State Revolving Fund","NY","Port Washington Water Pollution Control District for Wastewater Pump Stations Upgrade",1092000,"Suozzi"
"805","Environmental Protection Agency","STAG—Clean Water State Revolving Fund","NY","Village of Manorhaven for Sanitary Sewer Channel Crossing Replacement",1092000,"Suozzi"
"806","Environmental Protection Agency","STAG—Clean Water State Revolving Fund","NY","Village of Roslyn for Sewer Pipe Inspection and Repair Project",864000,"Suozzi"
"807","Environmental Protection Agency","STAG—Clean Water State Revolving Fund","NY","Village of Sea Cliff for Sanitary Sewer Expansion Project",1092000,"Suozzi"
"808","Environmental Protection Agency","STAG—Drinking Water State Revolving Fund","NY","Bethpage Water District for Treatment Upgrades for PFAS and VOC at Plant No. 5",1092000,"Suozzi"
"809","Environmental Protection Agency","STAG—Drinking Water State Revolving Fund","NY","Port Washington Water District for Longview Booster Station Improvements",704000,"Suozzi"
"810","Environmental Protection Agency","STAG—Drinking Water State Revolving Fund","NY","Village of Farmingdale for Water Treatment Project",1092000,"Suozzi"
"811","Environmental Protection Agency","STAG—Drinking Water State Revolving Fund","NY","Village of Sands Point for Water Improvement Project",1092000,"Suozzi"
"812","Environmental Protection Agency","STAG—Drinking Water State Revolving Fund","NY","Village of Williston Park for PFAS Treatment at Well 4",1092000,"Suozzi"
"813","Environmental Protection Agency","STAG—Drinking Water State Revolving Fund","NY","Westbury Water District for Well 16 1 4–Dioxane Treatment/PFOS/PFOA Treatments",1092000,"Suozzi"
"814","Environmental Protection Agency","STAG—Clean Water State Revolving Fund","CA","Alameda County Public Works for Livermore Sewer Extension to Protect Ground Water",1e+06,"Swalwell"
"815","Environmental Protection Agency","STAG—Clean Water State Revolving Fund","CA","Oro Loma Sanitary District for Digester Seismic Retrofit Project",1092000,"Swalwell"
"816","Environmental Protection Agency","STAG—Clean Water State Revolving Fund","OH","Summit County for Peninsula Sanitary Sewer Collection and Treatment Facilities",1092000,"Sykes"
"817","Environmental Protection Agency","STAG—Drinking Water State Revolving Fund","OH","City of Cuyahoga Falls for Water Treatment Plant Improvement Project",1092000,"Sykes"
"818","Environmental Protection Agency","STAG—Drinking Water State Revolving Fund","OH","Village of Silver Lake for Water Main Improvement Project",725223,"Sykes"
"819","Environmental Protection Agency","STAG—Clean Water State Revolving Fund","CA","Elsinore Valley Municipal Water District for Clean Water/Wastewater Infrastructure Project",1092000,"Takano"
"820","Environmental Protection Agency","STAG—Drinking Water State Revolving Fund","CA","Eastern Municipal Water District for Well 84D Water Quality Improvement Project",1092000,"Takano"
"821","Environmental Protection Agency","STAG—Drinking Water State Revolving Fund","CA","Jurupa Community Services District for Well 29 Development",1092000,"Takano"
"822","Environmental Protection Agency","STAG—Drinking Water State Revolving Fund","CA","Western Municipal Water District for Reservoir Management Systems",1092000,"Takano"
"823","Environmental Protection Agency","STAG—Drinking Water State Revolving Fund","OH","City of Wellston for Water Treatment Plant Construction Phase II",2e+06,"Taylor"
"824","Environmental Protection Agency","STAG—Drinking Water State Revolving Fund","OH","Brown County Rural Water Association for Water Tank Project",2e+06,"Taylor"
"825","Environmental Protection Agency","STAG—Drinking Water State Revolving Fund","OH","City of Logan for Water Treatment Plant and Water Tower Project",1250000,"Taylor"
"826","Environmental Protection Agency","STAG—Clean Water State Revolving Fund","OH","Village of Winchester for Wastewater Treatment Plan Improvement Project",1250000,"Taylor"
"827","Environmental Protection Agency","STAG—Clean Water State Revolving Fund","OH","Clinton County Board of Commissioners for Regional Wastewater Treatment Plant Project",949566,"Taylor"
"828","Environmental Protection Agency","STAG—Drinking Water State Revolving Fund","OH","Village of McArthur for Waterline Replacement Project Phase I",1e+06,"Taylor"
"829","Environmental Protection Agency","STAG—Clean Water State Revolving Fund","OH","Village of Williamsburg for Sewer Extension Project",1e+06,"Taylor"
"830","Environmental Protection Agency","STAG—Clean Water State Revolving Fund","NY","Town of Phelps for Sanitary Sewer Distribution Project",1e+06,"Tenney"
"831","Environmental Protection Agency","STAG—Clean Water State Revolving Fund","NY","Village of Geneseo for Water and Sewer System Improvements",1e+06,"Tenney"
"832","Environmental Protection Agency","STAG—Clean Water State Revolving Fund","NY","Village of Waterloo for Sewer System Improvements and Wastewater Treatment Plant Upgrades",750000,"Tenney"
"833","Environmental Protection Agency","STAG—Drinking Water State Revolving Fund","NY","Town of Throop for Water Supply Project",750000,"Tenney"
"834","Environmental Protection Agency","STAG—Drinking Water State Revolving Fund","NY","Village of Mexico for Water System Improvements",750000,"Tenney"
"835","Environmental Protection Agency","STAG—Clean Water State Revolving Fund","MI","Great Lakes Water Authority for 7 Mile Sewer Rehabilitation Project",1092000,"Thanedar"
"836","Environmental Protection Agency","STAG—Clean Water State Revolving Fund","MI","Great Lakes Water Authority for Fox Creek Enclosure Condition Assessment",1092000,"Thanedar"
"837","Environmental Protection Agency","STAG—Clean Water State Revolving Fund","MI","Great Lakes Water Authority for Freud and Conners Creek Pump Station Rehabilitation",1092000,"Thanedar"
"838","Environmental Protection Agency","STAG—Clean Water State Revolving Fund","MI","Great Lakes Water Authority for Oakwood District Intercommunity Relief Sewer Modification",1092000,"Thanedar"
"839","Environmental Protection Agency","STAG—Drinking Water State Revolving Fund","MI","City of Allen Park for Allen Road Water Main Replacement Project",1092000,"Thanedar"
"840","Environmental Protection Agency","STAG—Drinking Water State Revolving Fund","MI","City of Wyandotte for Lead Service Line Replacement",1092000,"Thanedar"
"841","Environmental Protection Agency","STAG—Drinking Water State Revolving Fund","MI","Great Lakes Water Authority for Downriver Loop Water Main Construction",1092000,"Thanedar"
"842","Environmental Protection Agency","STAG—Drinking Water State Revolving Fund","CA","Solano Irrigation District for Vaca Valley Public Water System Consolidation Phase I",1092000,"Thompson (CA)"
"843","Environmental Protection Agency","STAG—Clean Water State Revolving Fund","PA","Borough of Ford City for Storm Sewer Rehabilitation",1940928,"Thompson (PA)"
"844","Environmental Protection Agency","STAG—Clean Water State Revolving Fund","PA","Freeburg Borough for Sewer System Rehabilitation Project",750000,"Thompson (PA)"
"845","Environmental Protection Agency","STAG—Drinking Water State Revolving Fund","SC","Commissioners of Public Works of the City of Greenville for Transfer Pump Station Project",1750000,"Timmons"
"846","Environmental Protection Agency","STAG—Clean Water State Revolving Fund","SC","MetroConnects for Sewer Replacement Project",1750000,"Timmons"
"847","Environmental Protection Agency","STAG—Clean Water State Revolving Fund","NV","City of Boulder City for Wastewater Treatment Plant Upgrades",980000,"Titus"
"848","Environmental Protection Agency","STAG—Clean Water State Revolving Fund","MI","Garden City for Water System Rehabilitation Project",1092000,"Tlaib"
"849","Environmental Protection Agency","STAG—Drinking Water State Revolving Fund","MI","City of Lathrup Village for Eldorado Water Main Replacement",880000,"Tlaib"
"850","Environmental Protection Agency","STAG—Drinking Water State Revolving Fund","HI","Kauai County Department of Water Supply for Kilauea Water Tank Replacement Project",1092000,"Tokuda"
"851","Environmental Protection Agency","STAG—Drinking Water State Revolving Fund","HI","Maui County for Lahaina Water Infrastructure Resiliency and Hardening",1092000,"Tokuda"
"852","Environmental Protection Agency","STAG—Clean Water State Revolving Fund","NY","Village of Altamont for Wastewater Treatment Plant Disinfection Improvements",1092000,"Tonko"
"853","Environmental Protection Agency","STAG—Clean Water State Revolving Fund","NY","Village of Menands for South End Neighborhood Water System Improvements",1092000,"Tonko"
"854","Environmental Protection Agency","STAG—Drinking Water State Revolving Fund","NY","Town of Stillwater for Phase Three Water Main Replacements",1092000,"Tonko"
"855","Environmental Protection Agency","STAG—Clean Water State Revolving Fund","CA","City of Chino Hills for Los Serranos Flood Protection Project",1092000,"Torres (CA)"
"856","Environmental Protection Agency","STAG—Clean Water State Revolving Fund","CA","City of Upland for Campus Avenue Storm Drain Improvement Project",1092000,"Torres (CA)"
"857","Environmental Protection Agency","STAG—Clean Water State Revolving Fund","CA","Inland Empire Utilities Agency for Chino Basin Advanced Water Purification Demonstration Facility",1092000,"Torres (CA)"
"858","Environmental Protection Agency","STAG—Drinking Water State Revolving Fund","CA","City of Chino for Benson Emergency Power Generator Project",1092000,"Torres (CA)"
"859","Environmental Protection Agency","STAG—Drinking Water State Revolving Fund","CA","Monte Vista Water District for Pipeline Replacement Project",1092000,"Torres (CA)"
"860","Environmental Protection Agency","STAG—Clean Water State Revolving Fund","MA","City of Lowell for Centralville Sewer Separation Project",1092000,"Trahan"
"861","Environmental Protection Agency","STAG—Clean Water State Revolving Fund","MA","Town of Littleton for Common Sewer System Expansion Project",1092000,"Trahan"
"862","Environmental Protection Agency","STAG—Drinking Water State Revolving Fund","MA","Town of Groton for Groton/Dunstable/Pepperell Regional Water System Expansion PFAS Mitigation Project",1092000,"Trahan"
"863","Environmental Protection Agency","STAG—Drinking Water State Revolving Fund","MA","Town of Westford for PFAS Treatment Infrastructure Project",1092000,"Trahan"
"864","Environmental Protection Agency","STAG—Clean Water State Revolving Fund","CA","City of Cypress for Stormwater Pump Station Upgrade",1092000,"Tran"
"865","Environmental Protection Agency","STAG—Drinking Water State Revolving Fund","OH","City of Dayton for Water Infrastructure Project Phase I",2e+06,"Turner"
"866","Environmental Protection Agency","STAG—Drinking Water State Revolving Fund","IL","Grand Prairie Water Commission for Water Infrastructure Project in Northern Illinois",1092000,"Underwood"
"867","Environmental Protection Agency","STAG—Drinking Water State Revolving Fund","IL","City of Oglesby for Water Main Replacement Project",1020800,"Underwood"
"868","Environmental Protection Agency","STAG—Drinking Water State Revolving Fund","IL","Village of Oswego for Drinking Water Supply Project",1092000,"Underwood"
"869","Environmental Protection Agency","STAG—Drinking Water State Revolving Fund","CA","City of Avenal for Water Storage Tank Project",4e+06,"Valadao"
"870","Environmental Protection Agency","STAG—Drinking Water State Revolving Fund","CA","City of McFarland for Well Replacement",2e+06,"Valadao"
"871","Environmental Protection Agency","STAG—Drinking Water State Revolving Fund","CA","County of Kings for New Well Project",2e+06,"Valadao"
"872","Environmental Protection Agency","STAG—Clean Water State Revolving Fund","CA","City of Corcoran for Stormwater Enhancements Project",2e+06,"Valadao"
"873","Environmental Protection Agency","STAG—Clean Water State Revolving Fund","CA","Shafter-Wasco Irrigation District for Groundwater Recharge Project",2e+06,"Valadao"
"874","Environmental Protection Agency","STAG—Clean Water State Revolving Fund","CA","Arvin-Edison Water Storage District for Water Supply Expansion Project",2e+06,"Valadao"
"875","Environmental Protection Agency","STAG—Drinking Water State Revolving Fund","NJ","Borough of Swedesboro for Lead Pipe Abatement",1e+06,"Van Drew"
"876","Environmental Protection Agency","STAG—Clean Water State Revolving Fund","NJ","Long Beach Township for Sewer Main Replacement",750000,"Van Drew"
"877","Environmental Protection Agency","STAG—Drinking Water State Revolving Fund","TX","City of Keller for Water Line Project",1e+06,"Van Duyne"
"878","Environmental Protection Agency","STAG—Drinking Water State Revolving Fund","WI","City of Altoona for Water System Improvements",2250000,"Van Orden"
"879","Environmental Protection Agency","STAG—Clean Water State Revolving Fund","WI","City of Prairie du Chien for Wastewater Treatment Facility Upgrades",1250000,"Van Orden"
"880","Environmental Protection Agency","STAG—Clean Water State Revolving Fund","CA","City of San Diego for Beta Street Channel and Storm Drain Improvement Project",1092000,"Vargas"
"881","Environmental Protection Agency","STAG—Clean Water State Revolving Fund","CA","City of San Diego for Jamacha Drainage Channel Upgrade Storm Water Drain Project",1092000,"Vargas"
"882","Environmental Protection Agency","STAG—Drinking Water State Revolving Fund","CA","Sweetwater Authority for Sodium Hypochlorite Chlorination Water Treatment System",1e+06,"Vargas"
"883","Environmental Protection Agency","STAG—Clean Water State Revolving Fund","NM","Anthony Water and Sanitation District for Wastewater Treatment Plant Improvement",1092000,"Vasquez"
"884","Environmental Protection Agency","STAG—Clean Water State Revolving Fund","NM","City of Belen for Wastewater Treatment Project",1092000,"Vasquez"
"885","Environmental Protection Agency","STAG—Clean Water State Revolving Fund","NM","City of Truth or Consequences for Clancy Lift Station Replacement",1092000,"Vasquez"
"886","Environmental Protection Agency","STAG—Drinking Water State Revolving Fund","NM","Ramah Navajo School Board for Drinking Water Improvement Project",1092000,"Vasquez"
"887","Environmental Protection Agency","STAG—Drinking Water State Revolving Fund","VA","Greene County for Stanardsville Water Main Infrastructure Improvements",1092000,"Vindman"
"888","Environmental Protection Agency","STAG—Drinking Water State Revolving Fund","VA","Town of Orange for Liquid Feed Building Project",8e+05,"Vindman"
"889","Environmental Protection Agency","STAG—Drinking Water State Revolving Fund","MI","Whiteford Township for Water Plant Upgrades",2e+06,"Walberg"
"890","Environmental Protection Agency","STAG—Clean Water State Revolving Fund","MI","GRSD Sewer Authority for Tertiary Filter Replacement",2e+06,"Walberg"
"891","Environmental Protection Agency","STAG—Drinking Water State Revolving Fund","MI","City of Jonesville for Lead Service Line and Water Main Replacement",1e+06,"Walberg"
"892","Environmental Protection Agency","STAG—Drinking Water State Revolving Fund","MI","Summit Township for Water Supply Project",750000,"Walberg"
"893","Environmental Protection Agency","STAG—Drinking Water State Revolving Fund","MI","Village of Michiana for Water Main Replacement",1e+06,"Walberg"
"894","Environmental Protection Agency","STAG—Clean Water State Revolving Fund","FL","City of Dania Beach for Wastewater Infrastructure Improvement",1e+06,"Wasserman Schultz"
"895","Environmental Protection Agency","STAG—Clean Water State Revolving Fund","FL","City of Hallandale Beach for Water Main Rehabilitation Project",1092000,"Wasserman Schultz"
"896","Environmental Protection Agency","STAG—Clean Water State Revolving Fund","FL","City of Hollywood for Boulevard Heights Sewer Expansion Project",1092000,"Wasserman Schultz"
"897","Environmental Protection Agency","STAG—Clean Water State Revolving Fund","FL","City of Sunrise for Southwest Wastewater Treatment Plant New Deep Injection Well Project",1092000,"Wasserman Schultz"
"898","Environmental Protection Agency","STAG—Clean Water State Revolving Fund","FL","Cooper City for Wastewater Treatment Plant New Headworks Facility Project",1092000,"Wasserman Schultz"
"899","Environmental Protection Agency","STAG—Clean Water State Revolving Fund","CA","City of Compton for Willowbrook-Culver Sewer Replacement Project",1092000,"Waters"
"900","Environmental Protection Agency","STAG—Drinking Water State Revolving Fund","NJ","Borough of Rocky Hill for Municipal Water Infrastructure Improvements",1092000,"Watson Coleman"
"901","Environmental Protection Agency","STAG—Clean Water State Revolving Fund","FL","City of Wildwood for Wastewater Capacity Upgrades",2e+06,"Webster"
"902","Environmental Protection Agency","STAG—Clean Water State Revolving Fund","FL","City of Polk City for Wastewater Improvement Project",1750000,"Webster"
"903","Environmental Protection Agency","STAG—Clean Water State Revolving Fund","FL","City of Clermont for Stormwater Infrastructure Improvements",750000,"Webster"
"904","Environmental Protection Agency","STAG—Clean Water State Revolving Fund","FL","Crest Avenue Wastewater Treatment Facility Capacity Expansion and Process Optimization",750000,"Webster"
"905","Environmental Protection Agency","STAG—Drinking Water State Revolving Fund","CA","Santa Clarita Valley Water Agency for PFAS Treatment Project",1092000,"Whitesides"
"906","Environmental Protection Agency","STAG—Drinking Water State Revolving Fund","FL","City of North Miami for Water Plant Modernization Project",1092000,"Wilson"
"907","Environmental Protection Agency","STAG—Drinking Water State Revolving Fund","VA","City of Williamsburg for Water System Improvement Project",295000,"Wittman"
"908","Environmental Protection Agency","STAG—Clean Water State Revolving Fund","AR","City of Elkins for Water System Improvements",3750000,"Womack"
"909","Environmental Protection Agency","STAG—Clean Water State Revolving Fund","AR","Springdale Water Utilities for Trunk Line Construction",3e+06,"Womack"
"910","Environmental Protection Agency","STAG—Drinking Water State Revolving Fund","MT","Town of Alberton for Water Storage Project",1e+06,"Zinke"
"911","Environmental Protection Agency","STAG—Drinking Water State Revolving Fund","MT","Town of Philipsburg for Transmission Line Upgrade",1750000,"Zinke"
"912","Environmental Protection Agency","STAG—Drinking Water State Revolving Fund","MT","Missoula County for Water Well Upgrades",1750000,"Zinke"
